﻿name,score
CTRL2,17983.531490999972
CTRL3,17246.376390765297
CTRL2_2,16473.7686980627
CTRL4,16191.902349010476
CTRL3_2,15742.49880073715
CTRL4_2,14678.031025694809
CTRL5_2,10196.916470255173
CTRL5,8734.969466584642
CTRL1,4774.050251780275
CTRL1_2,4658.152524725121
CTRL6,2938.7773331609133
CTRL6_2,2850.8788051136353
P3_Valve1_back,1768.2490230443818
P3_Valve2_back,1466.0496059170657
P3_UF_membrane,1282.3682085896303
P2_Mixer1,1112.9999999999993
P2_Pipe4,980.5548315173761
P3_Pump1,892.9999999999999
P3_Pump2,892.9999999999999
P5_Cartridge_filter,891.3000000000003
P4_Pump1_NaHSO3,840.6810850182478
P4_Pump2_NaHSO3,840.6810850182478
P4_Pump3_NaHSO3,830.3189149817522
P4_Pump4_NaHSO3,830.3189149817522
P4_Pump1,786.5562312170782
P4_Pump2,786.5562312170782
P6_Pump_backwash,782.5047745281486
P4_Pump3_aux,780.4437687829218
P4_Pump4_aux,780.4437687829218
P6_Pump_backwash_aux,778.4952254718514
P2_Pump1_HCl,729.8
P2_Pump1_NaCl,729.8
P2_Pump1_NaOCl,729.8
P2_Pump2_HCl,729.8
P2_Pump2_NaCl,729.8
P2_Pump2_NaOCl,729.8
P2_Pump3_HCl_aux,724.95
P2_Pump3_NaCl_aux,724.95
P2_Pump3_NaOCl_aux,724.95
P2_Pump4_HCl_aux,724.95
P2_Pump4_NaCl_aux,724.95
P2_Pump4_NaOCl_aux,724.95
P6_Pipe3,689.2878803781855
P1_Pump1,687.5378787878788
P1_Pump2,687.5378787878788
P1_Pump3_aux,685.4772727272727
P1_Pump4_aux,685.4772727272727
P5_Pumpboost1,672.5
P5_Pumpboost2,672.5
P5_Pumpboost3_aux,672.5
P5_Pumpboost4_aux,672.5
P2_MERGER_DOSING_POINT,672.2164124909219
P3_Pipe0,672.0
P3_Pump3_aux,672.0
P3_Pump4_aux,672.0
P4_Pipe3,670.0
P5_Pipe6,583.1944447453292
P4_Tank1,481.56259918893124
P6_Tank_backwash,451.6543280607797
P5_Pipe0,451.20000000000005
P4_MERGER_POINT,450.93629662391294
P1_Tank1,448.0
P2_Valve_Raw_Tank,447.5882352941177
P4_Pipe4,441.10526315789474
P5_Pipe5,346.4413769534549
P3_Tank1,254.2444444444444
P2_Tank_HCl,241.30061368496345
P2_Tank_NaCl,241.30061368496345
P2_Tank_NaOCl,241.30061368496345
P1_Pipe1,237.8061688799704
P5_Pipe1,233.07531700158353
P5_Pipe2,233.07531700158353
P5_RO_Unit,227.38648018648018
P2_Pipe5,227.03267973856208
P4_UV,227.0
P5_Pipe3,226.5386362387652
P5_Pipe4,226.5386362387652
P6_Tank_permeate,226.02158572021585
P3_Pipe5,13.111665344367085
P2_Pipe1,4.5
P2_Pipe2,4.5
P2_Pipe3,4.5
P4_Pipe4_1,2.765516733008993
P4_Pipe4_2,2.765516733008993
P6_Pipe1,1.400921658986175
P4_Pipe1,0.8
P4_Pipe2,0.8
P3_Pipe1,0.5714285714285714
P3_Pipe2,0.5714285714285714
P1_Pipe1_flow,0.0
P1_Pump1_rotation,0.0
P1_Pump1_status,0.0
P1_Pump1_temp,0.0
P1_Pump2_rotation,0.0
P1_Pump2_status,0.0
P1_Pump2_temp,0.0
P1_Pump3_aux_rotation,0.0
P1_Pump3_aux_status,0.0
P1_Pump3_aux_temp,0.0
P1_Pump4_aux_rotation,0.0
P1_Pump4_aux_status,0.0
P1_Pump4_aux_temp,0.0
P1_Tank1_level,0.0
P1_Tank1_weight,0.0
P2_AIT_conduct,0.0
P2_AIT_pH_ORP,0.0
P2_Flow1,0.0
P2_Level_HCl,0.0
P2_Level_NaCl,0.0
P2_Level_NaOCl,0.0
P2_Mixer_status,0.0
P2_Pump1_HCl_rotation,0.0
P2_Pump1_HCl_status,0.0
P2_Pump1_HCl_temp,0.0
P2_Pump1_NaCl_rotation,0.0
P2_Pump1_NaCl_status,0.0
P2_Pump1_NaCl_temp,0.0
P2_Pump1_NaOCl_rotation,0.0
P2_Pump1_NaOCl_status,0.0
P2_Pump1_NaOCl_temp,0.0
P2_Pump2_HCl_rotation,0.0
P2_Pump2_HCl_status,0.0
P2_Pump2_HCl_temp,0.0
P2_Pump2_NaCl_rotation,0.0
P2_Pump2_NaCl_status,0.0
P2_Pump2_NaCl_temp,0.0
P2_Pump2_NaOCl_rotation,0.0
P2_Pump2_NaOCl_status,0.0
P2_Pump2_NaOCl_temp,0.0
P2_Pump3_HCl_aux_rotation,0.0
P2_Pump3_HCl_aux_status,0.0
P2_Pump3_HCl_aux_temp,0.0
P2_Pump3_NaCl_aux_rotation,0.0
P2_Pump3_NaCl_aux_status,0.0
P2_Pump3_NaCl_aux_temp,0.0
P2_Pump3_NaOCl_aux_rotation,0.0
P2_Pump3_NaOCl_aux_status,0.0
P2_Pump3_NaOCl_aux_temp,0.0
P2_Pump4_HCl_aux_rotation,0.0
P2_Pump4_HCl_aux_status,0.0
P2_Pump4_HCl_aux_temp,0.0
P2_Pump4_NaCl_aux_rotation,0.0
P2_Pump4_NaCl_aux_status,0.0
P2_Pump4_NaCl_aux_temp,0.0
P2_Pump4_NaOCl_aux_rotation,0.0
P2_Pump4_NaOCl_aux_status,0.0
P2_Pump4_NaOCl_aux_temp,0.0
P3_Permeate_flux,0.0
P3_Pipe0_flow,0.0
P3_Pipe3,0.0
P3_Pipe4,0.0
P3_Pump1_rotation,0.0
P3_Pump1_status,0.0
P3_Pump1_temp,0.0
P3_Pump2_rotation,0.0
P3_Pump2_status,0.0
P3_Pump2_temp,0.0
P3_Pump3_aux_rotation,0.0
P3_Pump3_aux_status,0.0
P3_Pump3_aux_temp,0.0
P3_Pump4_aux_rotation,0.0
P3_Pump4_aux_status,0.0
P3_Pump4_aux_temp,0.0
P3_TMP,0.0
P3_TO_DRAIN,0.0
P3_Tank_level,0.0
P4_Pipe3_flow,0.0
P4_Pipe4_AIT_ORP,0.0
P4_Pump1_NaHSO3_rotation,0.0
P4_Pump1_NaHSO3_status,0.0
P4_Pump1_NaHSO3_temp,0.0
P4_Pump1_rotation,0.0
P4_Pump1_status,0.0
P4_Pump1_temp,0.0
P4_Pump2_NaHSO3_rotation,0.0
P4_Pump2_NaHSO3_status,0.0
P4_Pump2_NaHSO3_temp,0.0
P4_Pump2_rotation,0.0
P4_Pump2_status,0.0
P4_Pump2_temp,0.0
P4_Pump3_NaHSO3_rotation,0.0
P4_Pump3_NaHSO3_status,0.0
P4_Pump3_NaHSO3_temp,0.0
P4_Pump3_aux_rotation,0.0
P4_Pump3_aux_status,0.0
P4_Pump3_aux_temp,0.0
P4_Pump4_NaHSO3_rotation,0.0
P4_Pump4_NaHSO3_status,0.0
P4_Pump4_NaHSO3_temp,0.0
P4_Pump4_aux_rotation,0.0
P4_Pump4_aux_status,0.0
P4_Pump4_aux_temp,0.0
P4_Tank1_level,0.0
P4_Tank_NaHSO3,0.0
P4_UV_status,0.0
P5_Cartridge_filter_status,0.0
P5_Pipe0_AIT_Conduct,0.0
P5_Pipe0_AIT_pH_ORP,0.0
P5_Pipe1_pressure,0.0
P5_Pipe2_pressure,0.0
P5_Pipe3_pressure,0.0
P5_Pipe4_pressure,0.0
P5_Pipe5_flow,0.0
P5_Pipe6_AIT_Conduct,0.0
P5_Pipe6_flow,0.0
P5_Pumpboost1_rotation,0.0
P5_Pumpboost1_status,0.0
P5_Pumpboost1_temp,0.0
P5_Pumpboost2_rotation,0.0
P5_Pumpboost2_status,0.0
P5_Pumpboost2_temp,0.0
P5_Pumpboost3_rotation,0.0
P5_Pumpboost3_status,0.0
P5_Pumpboost3_temp,0.0
P5_Pumpboost4_rotation,0.0
P5_Pumpboost4_status,0.0
P5_Pumpboost4_temp,0.0
P5_RO_Unit_status,0.0
P6_Pump_backwash_aux_rotation,0.0
P6_Pump_backwash_aux_status,0.0
P6_Pump_backwash_aux_temp,0.0
P6_Pump_backwash_rotation,0.0
P6_Pump_backwash_status,0.0
P6_Pump_backwash_temp,0.0
P6_Tank_backwash_level,0.0
P6_Tank_permeate_level,0.0
P6_pipe3_flow,0.0