﻿name,score
CTRL3,7521.282837205173
CTRL4,6999.990237036043
CTRL2,6763.402150537632
CTRL5,5290.822943129676
CTRL1,1640.9769585253457
CTRL6,1572.9412030056394
P3_Valve2_back,506.5152882205514
P3_UF_membrane,497.0595238095238
P2_Mixer1,437.0
P3_Valve1_back,429.98683575809997
P2_Pipe4,358.6516129032258
P5_Pipe6,354.268022206053
P2_MERGER_DOSING_POINT,330.2073732718894
P3_Pipe0,330.0
P4_MERGER_POINT,328.6
P5_Cartridge_filter,328.6
P4_Pipe3,328.0
P4_Pipe4,319.0
P4_Pump1_NaHSO3,273.0
P4_Pump2_NaHSO3,273.0
P5_Pipe0,228.0
P6_Tank_backwash,222.88465518635297
P2_Valve_Raw_Tank,221.0
P4_Tank1,220.05882352941174
P4_Pump1,220.0
P4_Pump2,220.0
P3_Pump1,219.0
P3_Pump2,219.0
P6_Pump_backwash,218.99999999999997
P6_Pipe3,210.5023178806631
P5_Pipe5,205.85926442966746
P2_Pump1_HCl,164.83333333333334
P2_Pump2_HCl,164.83333333333334
P2_Pump1_NaCl,164.83333333333331
P2_Pump1_NaOCl,164.83333333333331
P2_Pump2_NaCl,164.83333333333331
P2_Pump2_NaOCl,164.83333333333331
P3_Tank1,128.2
P1_Pump1,120.09523809523807
P1_Pump2,120.09523809523807
P2_Pipe5,114.8
P6_Tank_permeate,111.9331348481831
P1_Pipe1,111.37142857142857
P5_Pumpboost1,111.0
P5_Pumpboost2,111.0
P5_Pipe1,110.4
P5_Pipe2,110.4
P5_Pipe3,110.14285714285714
P5_Pipe4,110.14285714285714
P1_Tank1,110.0
P2_Tank_HCl,110.0
P2_Tank_NaCl,110.0
P2_Tank_NaOCl,110.0
P3_Pipe5,10.574111749963144
P4_UV,6.0
P5_RO_Unit,5.571428571428571
P4_Pipe4_1,3.0
P4_Pipe4_2,3.0
P2_Pipe1,2.6666666666666665
P2_Pipe2,2.6666666666666665
P2_Pipe3,2.6666666666666665
P4_Pipe1,0.6666666666666666
P4_Pipe2,0.6666666666666666
P6_Pipe1,0.5303258145363409
P3_Pipe1,0.4
P3_Pipe2,0.4
P1_Pipe1_flow,0.0
P1_Pump1_status,0.0
P1_Pump2_status,0.0
P1_Tank1_level,0.0
P2_AIT_conduct,0.0
P2_AIT_pH_ORP,0.0
P2_Flow1,0.0
P2_Level_HCl,0.0
P2_Level_NaCl,0.0
P2_Level_NaOCl,0.0
P2_Pump1_HCl_status,0.0
P2_Pump1_NaCl_status,0.0
P2_Pump1_NaOCl_status,0.0
P2_Pump2_HCl_status,0.0
P2_Pump2_NaCl_status,0.0
P2_Pump2_NaOCl_status,0.0
P3_Pipe0_flow,0.0
P3_Pipe3,0.0
P3_Pipe4,0.0
P3_Pump1_status,0.0
P3_Pump2_status,0.0
P3_TMP,0.0
P3_TO_DRAIN,0.0
P3_Tank_level,0.0
P4_Pipe3_flow,0.0
P4_Pipe4_AIT_ORP,0.0
P4_Pump1_NaHSO3_status,0.0
P4_Pump1_status,0.0
P4_Pump2_NaHSO3_status,0.0
P4_Pump2_status,0.0
P4_Tank1_level,0.0
P4_Tank_NaHSO3,0.0
P5_Pipe0_AIT_Conduct,0.0
P5_Pipe0_AIT_pH_ORP,0.0
P5_Pipe1_pressure,0.0
P5_Pipe2_pressure,0.0
P5_Pipe3_pressure,0.0
P5_Pipe4_pressure,0.0
P5_Pipe5_flow,0.0
P5_Pipe6_AIT_Conduct,0.0
P5_Pipe6_flow,0.0
P5_Pumpboost1_status,0.0
P5_Pumpboost2_status,0.0
P6_Pump_backwash_status,0.0
P6_Tank_backwash_level,0.0
P6_Tank_permeate_level,0.0
P6_pipe3_flow,0.0