﻿name,score
CTRL3,14066.242481907777
CTRL2,13369.953048616711
CTRL4,13183.376467372276
CTRL5,9331.893158439472
CTRL1,3682.3228372487038
CTRL6,2693.5825895617827
P3_UF_membrane,834.0915750915751
P3_Valve2_back,775.9500417710946
P2_Mixer1,743.0000000000002
P3_Valve1_back,688.9419082667971
P4_Pump1_NaHSO3,671.0000000000001
P4_Pump2_NaHSO3,671.0000000000001
P4_Pump1,600.0
P4_Pump2,600.0
P3_Pump1,597.0
P3_Pump2,597.0
P6_Pump_backwash,597.0
P5_Cartridge_filter,595.5999999999997
P2_Pump1_HCl,524.8333333333334
P2_Pump1_NaCl,524.8333333333334
P2_Pump1_NaOCl,524.8333333333334
P2_Pump2_HCl,524.8333333333334
P2_Pump2_NaCl,524.8333333333334
P2_Pump2_NaOCl,524.8333333333334
P2_Pipe4,468.82648401826486
P1_Pump1,468.52941176470586
P1_Pump2,468.52941176470586
P5_Pumpboost1,451.0
P5_Pumpboost2,451.0
P2_MERGER_DOSING_POINT,450.27701674277034
P3_Pipe0,450.0
P4_Pipe3,448.0000000000002
P5_Pipe6,392.0432900432903
P5_Pipe0,305.33333333333337
P4_MERGER_POINT,303.1751633986927
P6_Tank_backwash,302.55110225432804
P4_Tank1,300.20000000000016
P2_Valve_Raw_Tank,300.1111111111111
P1_Tank1,300.0
P4_Pipe4,295.22222222222223
P6_Pipe3,282.5697560293744
P5_Pipe5,234.25388828039425
P3_Tank1,172.60000000000002
P5_RO_Unit,155.57142857142858
P4_UV,154.5
P2_Pipe5,153.9111111111111
P6_Tank_permeate,151.4660301646603
P1_Pipe1,150.85067873303169
P5_Pipe1,150.57142857142856
P5_Pipe2,150.57142857142856
P5_Pipe3,150.11764705882354
P5_Pipe4,150.11764705882354
P2_Tank_HCl,150.0
P2_Tank_NaCl,150.0
P2_Tank_NaOCl,150.0
P3_Pipe5,11.150041771094404
P2_Pipe1,2.6666666666666665
P2_Pipe2,2.6666666666666665
P2_Pipe3,2.6666666666666665
P4_Pipe4_1,1.6764705882352942
P4_Pipe4_2,1.6764705882352942
P6_Pipe1,0.7004608294930875
P3_Pipe1,0.5714285714285714
P3_Pipe2,0.5714285714285714
P4_Pipe1,0.4
P4_Pipe2,0.4
P1_Pipe1_flow,0.0
P1_Pump1_rotation,0.0
P1_Pump1_status,0.0
P1_Pump1_temp,0.0
P1_Pump2_rotation,0.0
P1_Pump2_status,0.0
P1_Pump2_temp,0.0
P1_Tank1_level,0.0
P1_Tank1_weight,0.0
P2_AIT_conduct,0.0
P2_AIT_pH_ORP,0.0
P2_Flow1,0.0
P2_Level_HCl,0.0
P2_Level_NaCl,0.0
P2_Level_NaOCl,0.0
P2_Mixer_status,0.0
P2_Pump1_HCl_rotation,0.0
P2_Pump1_HCl_status,0.0
P2_Pump1_HCl_temp,0.0
P2_Pump1_NaCl_rotation,0.0
P2_Pump1_NaCl_status,0.0
P2_Pump1_NaCl_temp,0.0
P2_Pump1_NaOCl_rotation,0.0
P2_Pump1_NaOCl_status,0.0
P2_Pump1_NaOCl_temp,0.0
P2_Pump2_HCl_rotation,0.0
P2_Pump2_HCl_status,0.0
P2_Pump2_HCl_temp,0.0
P2_Pump2_NaCl_rotation,0.0
P2_Pump2_NaCl_status,0.0
P2_Pump2_NaCl_temp,0.0
P2_Pump2_NaOCl_rotation,0.0
P2_Pump2_NaOCl_status,0.0
P2_Pump2_NaOCl_temp,0.0
P3_Permeate_flux,0.0
P3_Pipe0_flow,0.0
P3_Pipe3,0.0
P3_Pipe4,0.0
P3_Pump1_rotation,0.0
P3_Pump1_status,0.0
P3_Pump1_temp,0.0
P3_Pump2_rotation,0.0
P3_Pump2_status,0.0
P3_Pump2_temp,0.0
P3_TMP,0.0
P3_TO_DRAIN,0.0
P3_Tank_level,0.0
P4_Pipe3_flow,0.0
P4_Pipe4_AIT_ORP,0.0
P4_Pump1_NaHSO3_rotation,0.0
P4_Pump1_NaHSO3_status,0.0
P4_Pump1_NaHSO3_temp,0.0
P4_Pump1_rotation,0.0
P4_Pump1_status,0.0
P4_Pump1_temp,0.0
P4_Pump2_NaHSO3_rotation,0.0
P4_Pump2_NaHSO3_status,0.0
P4_Pump2_NaHSO3_temp,0.0
P4_Pump2_rotation,0.0
P4_Pump2_status,0.0
P4_Pump2_temp,0.0
P4_Tank1_level,0.0
P4_Tank_NaHSO3,0.0
P4_UV_status,0.0
P5_Cartridge_filter_status,0.0
P5_Pipe0_AIT_Conduct,0.0
P5_Pipe0_AIT_pH_ORP,0.0
P5_Pipe1_pressure,0.0
P5_Pipe2_pressure,0.0
P5_Pipe3_pressure,0.0
P5_Pipe4_pressure,0.0
P5_Pipe5_flow,0.0
P5_Pipe6_AIT_Conduct,0.0
P5_Pipe6_flow,0.0
P5_Pumpboost1_rotation,0.0
P5_Pumpboost1_status,0.0
P5_Pumpboost1_temp,0.0
P5_Pumpboost2_rotation,0.0
P5_Pumpboost2_status,0.0
P5_Pumpboost2_temp,0.0
P5_RO_Unit_status,0.0
P6_Pump_backwash_rotation,0.0
P6_Pump_backwash_status,0.0
P6_Pump_backwash_temp,0.0
P6_Tank_backwash_level,0.0
P6_Tank_permeate_level,0.0
P6_pipe3_flow,0.0