﻿name,score
CTRL2,19854.836591806656
CTRL3,19225.480641501217
CTRL2_2,18215.379233282325
CTRL4,18009.87079790098
CTRL3_2,17587.269677839897
CTRL4_2,16284.874016717802
CTRL5_2,11488.940501856443
CTRL5,9826.498434966881
CTRL1,5540.047503149751
CTRL1_2,5403.905498540626
CTRL6,3561.554134333929
CTRL6_2,3459.7524113198087
P3_Valve1_back,2032.8656351705818
P3_Valve2_back,1652.562891145696
P3_UF_membrane,1338.8367440697687
P2_Mixer1,1172.9999999999995
P2_Pipe4,1035.8694893236905
P3_Pump1,940.9999999999998
P3_Pump2,940.9999999999998
P5_Cartridge_filter,939.3000000000004
P4_Pump1_NaHSO3,885.6810850182478
P4_Pump2_NaHSO3,885.6810850182478
P4_Pump3_NaHSO3,875.3189149817522
P4_Pump4_NaHSO3,875.3189149817522
P4_Pump1,828.3562312170782
P4_Pump2,828.3562312170782
P6_Pump_backwash,824.3759538132597
P4_Pump3_aux,822.6437687829218
P4_Pump4_aux,822.6437687829218
P6_Pump_backwash_aux,820.6240461867402
P6_Pipe3,799.3490159352716
P2_Pump1_HCl,768.8
P2_Pump1_NaCl,768.8
P2_Pump1_NaOCl,768.8
P2_Pump2_HCl,768.8
P2_Pump2_NaCl,768.8
P2_Pump2_NaOCl,768.8
P2_Pump3_HCl_aux,763.95
P2_Pump3_NaCl_aux,763.95
P2_Pump3_NaOCl_aux,763.95
P2_Pump4_HCl_aux,763.95
P2_Pump4_NaCl_aux,763.95
P2_Pump4_NaOCl_aux,763.95
P1_Pump1,725.0378787878788
P1_Pump2,725.0378787878788
P1_Pump3_aux,722.9772727272727
P1_Pump4_aux,722.9772727272727
P5_Pumpboost1,708.5
P5_Pumpboost2,708.5
P5_Pumpboost3_aux,708.5
P5_Pumpboost4_aux,708.5
P2_MERGER_DOSING_POINT,708.216412490922
P3_Pipe0,708.0
P3_Pump3_aux,708.0
P3_Pump4_aux,708.0
P4_Pipe3,706.0000000000001
P5_Pipe6,613.6482262579337
P4_Tank1,494.37181936039906
P6_Tank_backwash,476.05432806077965
P5_Pipe0,475.20000000000005
P4_MERGER_POINT,474.936296623913
P1_Tank1,472.0
P2_Valve_Raw_Tank,471.5882352941177
P4_Pipe4,465.10526315789474
P5_Pipe5,364.2139087656534
P3_Tank1,267.84444444444443
P2_Tank_HCl,247.25443635362
P2_Tank_NaCl,247.25443635362
P2_Tank_NaOCl,247.25443635362
P1_Pipe1,245.28974128477367
P5_Pipe1,242.4699032360145
P5_Pipe2,242.4699032360145
P5_RO_Unit,239.38648018648018
P2_Pipe5,239.03267973856208
P4_UV,239.0
P6_Tank_permeate,238.24380794243808
P5_Pipe3,237.79859941097286
P5_Pipe4,237.79859941097286
P3_Pipe5,13.669707877338046
P2_Pipe1,4.5
P2_Pipe2,4.5
P2_Pipe3,4.5
P4_Pipe4_1,2.765516733008993
P4_Pipe4_2,2.765516733008993
P6_Pipe1,1.400921658986175
P4_Pipe1,0.8
P4_Pipe2,0.8
P3_Pipe1,0.5714285714285714
P3_Pipe2,0.5714285714285714
P1_CTRL1_2_feedback,0.0
P1_CTRL1_feedback,0.0
P1_Pipe1_flow,0.0
P1_Pump1_rotation,0.0
P1_Pump1_status,0.0
P1_Pump1_temp,0.0
P1_Pump2_rotation,0.0
P1_Pump2_status,0.0
P1_Pump2_temp,0.0
P1_Pump3_aux_rotation,0.0
P1_Pump3_aux_status,0.0
P1_Pump3_aux_temp,0.0
P1_Pump4_aux_rotation,0.0
P1_Pump4_aux_status,0.0
P1_Pump4_aux_temp,0.0
P1_Tank1_level,0.0
P1_Tank1_weight,0.0
P2_AIT_conduct,0.0
P2_AIT_pH_ORP,0.0
P2_CTRL2_2_feedback,0.0
P2_CTRL2_feedback,0.0
P2_Flow1,0.0
P2_Level_HCl,0.0
P2_Level_NaCl,0.0
P2_Level_NaOCl,0.0
P2_Mixer_status,0.0
P2_Pump1_HCl_rotation,0.0
P2_Pump1_HCl_status,0.0
P2_Pump1_HCl_temp,0.0
P2_Pump1_NaCl_rotation,0.0
P2_Pump1_NaCl_status,0.0
P2_Pump1_NaCl_temp,0.0
P2_Pump1_NaOCl_rotation,0.0
P2_Pump1_NaOCl_status,0.0
P2_Pump1_NaOCl_temp,0.0
P2_Pump2_HCl_rotation,0.0
P2_Pump2_HCl_status,0.0
P2_Pump2_HCl_temp,0.0
P2_Pump2_NaCl_rotation,0.0
P2_Pump2_NaCl_status,0.0
P2_Pump2_NaCl_temp,0.0
P2_Pump2_NaOCl_rotation,0.0
P2_Pump2_NaOCl_status,0.0
P2_Pump2_NaOCl_temp,0.0
P2_Pump3_HCl_aux_rotation,0.0
P2_Pump3_HCl_aux_status,0.0
P2_Pump3_HCl_aux_temp,0.0
P2_Pump3_NaCl_aux_rotation,0.0
P2_Pump3_NaCl_aux_status,0.0
P2_Pump3_NaCl_aux_temp,0.0
P2_Pump3_NaOCl_aux_rotation,0.0
P2_Pump3_NaOCl_aux_status,0.0
P2_Pump3_NaOCl_aux_temp,0.0
P2_Pump4_HCl_aux_rotation,0.0
P2_Pump4_HCl_aux_status,0.0
P2_Pump4_HCl_aux_temp,0.0
P2_Pump4_NaCl_aux_rotation,0.0
P2_Pump4_NaCl_aux_status,0.0
P2_Pump4_NaCl_aux_temp,0.0
P2_Pump4_NaOCl_aux_rotation,0.0
P2_Pump4_NaOCl_aux_status,0.0
P2_Pump4_NaOCl_aux_temp,0.0
P3_CTRL3_2_feedback,0.0
P3_CTRL3_feedback,0.0
P3_Permeate_flux,0.0
P3_Pipe0_flow,0.0
P3_Pipe3,0.0
P3_Pipe4,0.0
P3_Pump1_rotation,0.0
P3_Pump1_status,0.0
P3_Pump1_temp,0.0
P3_Pump2_rotation,0.0
P3_Pump2_status,0.0
P3_Pump2_temp,0.0
P3_Pump3_aux_rotation,0.0
P3_Pump3_aux_status,0.0
P3_Pump3_aux_temp,0.0
P3_Pump4_aux_rotation,0.0
P3_Pump4_aux_status,0.0
P3_Pump4_aux_temp,0.0
P3_TMP,0.0
P3_TO_DRAIN,0.0
P3_Tank_level,0.0
P4_CTRL4_2_feedback,0.0
P4_CTRL4_feedback,0.0
P4_Pipe3_flow,0.0
P4_Pipe4_AIT_ORP,0.0
P4_Pump1_NaHSO3_rotation,0.0
P4_Pump1_NaHSO3_status,0.0
P4_Pump1_NaHSO3_temp,0.0
P4_Pump1_rotation,0.0
P4_Pump1_status,0.0
P4_Pump1_temp,0.0
P4_Pump2_NaHSO3_rotation,0.0
P4_Pump2_NaHSO3_status,0.0
P4_Pump2_NaHSO3_temp,0.0
P4_Pump2_rotation,0.0
P4_Pump2_status,0.0
P4_Pump2_temp,0.0
P4_Pump3_NaHSO3_rotation,0.0
P4_Pump3_NaHSO3_status,0.0
P4_Pump3_NaHSO3_temp,0.0
P4_Pump3_aux_rotation,0.0
P4_Pump3_aux_status,0.0
P4_Pump3_aux_temp,0.0
P4_Pump4_NaHSO3_rotation,0.0
P4_Pump4_NaHSO3_status,0.0
P4_Pump4_NaHSO3_temp,0.0
P4_Pump4_aux_rotation,0.0
P4_Pump4_aux_status,0.0
P4_Pump4_aux_temp,0.0
P4_Tank1_level,0.0
P4_Tank_NaHSO3,0.0
P4_UV_status,0.0
P5_CTRL5_2_feedback,0.0
P5_CTRL5_feedback,0.0
P5_Cartridge_filter_status,0.0
P5_Pipe0_AIT_Conduct,0.0
P5_Pipe0_AIT_pH_ORP,0.0
P5_Pipe1_pressure,0.0
P5_Pipe2_pressure,0.0
P5_Pipe3_pressure,0.0
P5_Pipe4_pressure,0.0
P5_Pipe5_flow,0.0
P5_Pipe6_AIT_Conduct,0.0
P5_Pipe6_flow,0.0
P5_Pumpboost1_rotation,0.0
P5_Pumpboost1_status,0.0
P5_Pumpboost1_temp,0.0
P5_Pumpboost2_rotation,0.0
P5_Pumpboost2_status,0.0
P5_Pumpboost2_temp,0.0
P5_Pumpboost3_rotation,0.0
P5_Pumpboost3_status,0.0
P5_Pumpboost3_temp,0.0
P5_Pumpboost4_rotation,0.0
P5_Pumpboost4_status,0.0
P5_Pumpboost4_temp,0.0
P5_RO_Unit_status,0.0
P6_CTRL6_2_feedback,0.0
P6_CTRL6_feedback,0.0
P6_Pump_backwash_aux_rotation,0.0
P6_Pump_backwash_aux_status,0.0
P6_Pump_backwash_aux_temp,0.0
P6_Pump_backwash_rotation,0.0
P6_Pump_backwash_status,0.0
P6_Pump_backwash_temp,0.0
P6_Tank_backwash_level,0.0
P6_Tank_permeate_level,0.0
P6_pipe3_flow,0.0