﻿name,score
CTRL2,0.5250800338036751
CTRL2_2,0.5250800338036749
CTRL3_2,0.21623581044568466
CTRL3,0.21623581044568438
P2_Mixer1,0.19499393144825972
P2_Valve_Raw_Tank,0.19499393144825972
CTRL4,0.17652351730406327
CTRL4_2,0.17652351730406324
CTRL1_2,0.15948763874635982
CTRL1,0.1594876387463596
P2_Pump3_HCl_aux,0.09749696572412993
P2_Pump3_NaCl_aux,0.09749696572412993
P2_Pump3_NaOCl_aux,0.09749696572412993
P2_Pump4_HCl_aux,0.09749696572412993
P2_Pump4_NaCl_aux,0.09749696572412993
P2_Pump4_NaOCl_aux,0.09749696572412993
P2_Pump1_HCl,0.09749696572412977
P2_Pump1_NaCl,0.09749696572412977
P2_Pump1_NaOCl,0.09749696572412977
P2_Pump2_HCl,0.09749696572412977
P2_Pump2_NaCl,0.09749696572412977
P2_Pump2_NaOCl,0.09749696572412977
P3_Valve1_back,0.08793324076403586
P3_Valve2_back,0.08793324076403586
CTRL5_2,0.07259930652046552
CTRL5,0.0725993065204655
P4_UV,0.06710600686696144
P3_Pump1,0.04012653372949465
P3_Pump2,0.04012653372949465
P3_Pump3_aux,0.04012653372949462
P3_Pump4_aux,0.04012653372949462
P4_Pump3_NaHSO3,0.03355300343348072
P4_Pump3_aux,0.03355300343348072
P4_Pump4_NaHSO3,0.03355300343348072
P4_Pump4_aux,0.03355300343348072
P4_Pump1,0.03355300343348071
P4_Pump1_NaHSO3,0.03355300343348071
P4_Pump2,0.03355300343348071
P4_Pump2_NaHSO3,0.03355300343348071
P1_Pump1,0.029334879560789638
P1_Pump2,0.029334879560789638
P1_Pump3_aux,0.029334879560789603
P1_Pump4_aux,0.029334879560789603
P5_RO_Unit,0.02772675297776936
CTRL6,0.019924478565076825
CTRL6_2,0.019924478565076818
P5_Pumpboost1,0.013863376488884681
P5_Pumpboost2,0.013863376488884681
P5_Pumpboost3_aux,0.013863376488884678
P5_Pumpboost4_aux,0.013863376488884678
P6_Pump_backwash_aux,0.0038400866525232884
P6_Pump_backwash,0.003840086652523288
P1_Pipe1,1.802425052721163e-126
P1_Pipe1_flow,1.802425052721163e-126
P1_Pump1_rotation,1.802425052721163e-126
P1_Pump1_status,1.802425052721163e-126
P1_Pump1_temp,1.802425052721163e-126
P1_Pump2_rotation,1.802425052721163e-126
P1_Pump2_status,1.802425052721163e-126
P1_Pump2_temp,1.802425052721163e-126
P1_Pump3_aux_rotation,1.802425052721163e-126
P1_Pump3_aux_status,1.802425052721163e-126
P1_Pump3_aux_temp,1.802425052721163e-126
P1_Pump4_aux_rotation,1.802425052721163e-126
P1_Pump4_aux_status,1.802425052721163e-126
P1_Pump4_aux_temp,1.802425052721163e-126
P1_Tank1,1.802425052721163e-126
P1_Tank1_level,1.802425052721163e-126
P1_Tank1_weight,1.802425052721163e-126
P2_AIT_conduct,1.802425052721163e-126
P2_AIT_pH_ORP,1.802425052721163e-126
P2_Flow1,1.802425052721163e-126
P2_Level_HCl,1.802425052721163e-126
P2_Level_NaCl,1.802425052721163e-126
P2_Level_NaOCl,1.802425052721163e-126
P2_MERGER_DOSING_POINT,1.802425052721163e-126
P2_Mixer_status,1.802425052721163e-126
P2_Pipe1,1.802425052721163e-126
P2_Pipe2,1.802425052721163e-126
P2_Pipe3,1.802425052721163e-126
P2_Pipe4,1.802425052721163e-126
P2_Pipe5,1.802425052721163e-126
P2_Pump1_HCl_rotation,1.802425052721163e-126
P2_Pump1_HCl_status,1.802425052721163e-126
P2_Pump1_HCl_temp,1.802425052721163e-126
P2_Pump1_NaCl_rotation,1.802425052721163e-126
P2_Pump1_NaCl_status,1.802425052721163e-126
P2_Pump1_NaCl_temp,1.802425052721163e-126
P2_Pump1_NaOCl_rotation,1.802425052721163e-126
P2_Pump1_NaOCl_status,1.802425052721163e-126
P2_Pump1_NaOCl_temp,1.802425052721163e-126
P2_Pump2_HCl_rotation,1.802425052721163e-126
P2_Pump2_HCl_status,1.802425052721163e-126
P2_Pump2_HCl_temp,1.802425052721163e-126
P2_Pump2_NaCl_rotation,1.802425052721163e-126
P2_Pump2_NaCl_status,1.802425052721163e-126
P2_Pump2_NaCl_temp,1.802425052721163e-126
P2_Pump2_NaOCl_rotation,1.802425052721163e-126
P2_Pump2_NaOCl_status,1.802425052721163e-126
P2_Pump2_NaOCl_temp,1.802425052721163e-126
P2_Pump3_HCl_aux_rotation,1.802425052721163e-126
P2_Pump3_HCl_aux_status,1.802425052721163e-126
P2_Pump3_HCl_aux_temp,1.802425052721163e-126
P2_Pump3_NaCl_aux_rotation,1.802425052721163e-126
P2_Pump3_NaCl_aux_status,1.802425052721163e-126
P2_Pump3_NaCl_aux_temp,1.802425052721163e-126
P2_Pump3_NaOCl_aux_rotation,1.802425052721163e-126
P2_Pump3_NaOCl_aux_status,1.802425052721163e-126
P2_Pump3_NaOCl_aux_temp,1.802425052721163e-126
P2_Pump4_HCl_aux_rotation,1.802425052721163e-126
P2_Pump4_HCl_aux_status,1.802425052721163e-126
P2_Pump4_HCl_aux_temp,1.802425052721163e-126
P2_Pump4_NaCl_aux_rotation,1.802425052721163e-126
P2_Pump4_NaCl_aux_status,1.802425052721163e-126
P2_Pump4_NaCl_aux_temp,1.802425052721163e-126
P2_Pump4_NaOCl_aux_rotation,1.802425052721163e-126
P2_Pump4_NaOCl_aux_status,1.802425052721163e-126
P2_Pump4_NaOCl_aux_temp,1.802425052721163e-126
P2_Tank_HCl,1.802425052721163e-126
P2_Tank_NaCl,1.802425052721163e-126
P2_Tank_NaOCl,1.802425052721163e-126
P3_Permeate_flux,1.802425052721163e-126
P3_Pipe0,1.802425052721163e-126
P3_Pipe0_flow,1.802425052721163e-126
P3_Pipe1,1.802425052721163e-126
P3_Pipe2,1.802425052721163e-126
P3_Pipe3,1.802425052721163e-126
P3_Pipe4,1.802425052721163e-126
P3_Pipe5,1.802425052721163e-126
P3_Pump1_rotation,1.802425052721163e-126
P3_Pump1_status,1.802425052721163e-126
P3_Pump1_temp,1.802425052721163e-126
P3_Pump2_rotation,1.802425052721163e-126
P3_Pump2_status,1.802425052721163e-126
P3_Pump2_temp,1.802425052721163e-126
P3_Pump3_aux_rotation,1.802425052721163e-126
P3_Pump3_aux_status,1.802425052721163e-126
P3_Pump3_aux_temp,1.802425052721163e-126
P3_Pump4_aux_rotation,1.802425052721163e-126
P3_Pump4_aux_status,1.802425052721163e-126
P3_Pump4_aux_temp,1.802425052721163e-126
P3_TMP,1.802425052721163e-126
P3_TO_DRAIN,1.802425052721163e-126
P3_Tank1,1.802425052721163e-126
P3_Tank_level,1.802425052721163e-126
P3_UF_membrane,1.802425052721163e-126
P4_MERGER_POINT,1.802425052721163e-126
P4_Pipe1,1.802425052721163e-126
P4_Pipe2,1.802425052721163e-126
P4_Pipe3,1.802425052721163e-126
P4_Pipe3_flow,1.802425052721163e-126
P4_Pipe4,1.802425052721163e-126
P4_Pipe4_1,1.802425052721163e-126
P4_Pipe4_2,1.802425052721163e-126
P4_Pipe4_AIT_ORP,1.802425052721163e-126
P4_Pump1_NaHSO3_rotation,1.802425052721163e-126
P4_Pump1_NaHSO3_status,1.802425052721163e-126
P4_Pump1_NaHSO3_temp,1.802425052721163e-126
P4_Pump1_rotation,1.802425052721163e-126
P4_Pump1_status,1.802425052721163e-126
P4_Pump1_temp,1.802425052721163e-126
P4_Pump2_NaHSO3_rotation,1.802425052721163e-126
P4_Pump2_NaHSO3_status,1.802425052721163e-126
P4_Pump2_NaHSO3_temp,1.802425052721163e-126
P4_Pump2_rotation,1.802425052721163e-126
P4_Pump2_status,1.802425052721163e-126
P4_Pump2_temp,1.802425052721163e-126
P4_Pump3_NaHSO3_rotation,1.802425052721163e-126
P4_Pump3_NaHSO3_status,1.802425052721163e-126
P4_Pump3_NaHSO3_temp,1.802425052721163e-126
P4_Pump3_aux_rotation,1.802425052721163e-126
P4_Pump3_aux_status,1.802425052721163e-126
P4_Pump3_aux_temp,1.802425052721163e-126
P4_Pump4_NaHSO3_rotation,1.802425052721163e-126
P4_Pump4_NaHSO3_status,1.802425052721163e-126
P4_Pump4_NaHSO3_temp,1.802425052721163e-126
P4_Pump4_aux_rotation,1.802425052721163e-126
P4_Pump4_aux_status,1.802425052721163e-126
P4_Pump4_aux_temp,1.802425052721163e-126
P4_Tank1,1.802425052721163e-126
P4_Tank1_level,1.802425052721163e-126
P4_Tank_NaHSO3,1.802425052721163e-126
P4_UV_status,1.802425052721163e-126
P5_Cartridge_filter,1.802425052721163e-126
P5_Cartridge_filter_status,1.802425052721163e-126
P5_Pipe0,1.802425052721163e-126
P5_Pipe0_AIT_Conduct,1.802425052721163e-126
P5_Pipe0_AIT_pH_ORP,1.802425052721163e-126
P5_Pipe1,1.802425052721163e-126
P5_Pipe1_pressure,1.802425052721163e-126
P5_Pipe2,1.802425052721163e-126
P5_Pipe2_pressure,1.802425052721163e-126
P5_Pipe3,1.802425052721163e-126
P5_Pipe3_pressure,1.802425052721163e-126
P5_Pipe4,1.802425052721163e-126
P5_Pipe4_pressure,1.802425052721163e-126
P5_Pipe5,1.802425052721163e-126
P5_Pipe5_flow,1.802425052721163e-126
P5_Pipe6,1.802425052721163e-126
P5_Pipe6_AIT_Conduct,1.802425052721163e-126
P5_Pipe6_flow,1.802425052721163e-126
P5_Pumpboost1_rotation,1.802425052721163e-126
P5_Pumpboost1_status,1.802425052721163e-126
P5_Pumpboost1_temp,1.802425052721163e-126
P5_Pumpboost2_rotation,1.802425052721163e-126
P5_Pumpboost2_status,1.802425052721163e-126
P5_Pumpboost2_temp,1.802425052721163e-126
P5_Pumpboost3_rotation,1.802425052721163e-126
P5_Pumpboost3_status,1.802425052721163e-126
P5_Pumpboost3_temp,1.802425052721163e-126
P5_Pumpboost4_rotation,1.802425052721163e-126
P5_Pumpboost4_status,1.802425052721163e-126
P5_Pumpboost4_temp,1.802425052721163e-126
P5_RO_Unit_status,1.802425052721163e-126
P6_Pipe1,1.802425052721163e-126
P6_Pipe3,1.802425052721163e-126
P6_Pump_backwash_aux_rotation,1.802425052721163e-126
P6_Pump_backwash_aux_status,1.802425052721163e-126
P6_Pump_backwash_aux_temp,1.802425052721163e-126
P6_Pump_backwash_rotation,1.802425052721163e-126
P6_Pump_backwash_status,1.802425052721163e-126
P6_Pump_backwash_temp,1.802425052721163e-126
P6_Tank_backwash,1.802425052721163e-126
P6_Tank_backwash_level,1.802425052721163e-126
P6_Tank_permeate,1.802425052721163e-126
P6_Tank_permeate_level,1.802425052721163e-126
P6_pipe3_flow,1.802425052721163e-126