﻿name,score
CTRL2_2,0.518258987625577
CTRL2,0.5182589876255768
CTRL3,0.23896248594644837
CTRL3_2,0.2389624859464482
CTRL4,0.20807185090426153
CTRL4_2,0.20807185090426134
P2_Mixer1,0.17057285260190533
P2_Valve_Raw_Tank,0.17057285260190533
CTRL1,0.16751300226314295
CTRL1_2,0.16751300226314284
CTRL5,0.09257830662577
CTRL5_2,0.09257830662577
P3_Valve1_back,0.08863396743369505
P3_Valve2_back,0.08863396743369505
P2_Pump1_HCl,0.0852864263009527
P2_Pump1_NaCl,0.0852864263009527
P2_Pump1_NaOCl,0.0852864263009527
P2_Pump2_HCl,0.0852864263009527
P2_Pump2_NaCl,0.0852864263009527
P2_Pump2_NaOCl,0.0852864263009527
P2_Pump3_HCl_aux,0.08528642630095262
P2_Pump3_NaCl_aux,0.08528642630095262
P2_Pump3_NaOCl_aux,0.08528642630095262
P2_Pump4_HCl_aux,0.08528642630095262
P2_Pump4_NaCl_aux,0.08528642630095262
P2_Pump4_NaOCl_aux,0.08528642630095262
P4_UV,0.07005436538919026
P3_Pump3_aux,0.03961343230718897
P3_Pump4_aux,0.03961343230718897
P3_Pump1,0.03961343230718896
P3_Pump2,0.03961343230718896
P4_Pump3_NaHSO3,0.03502718269459514
P4_Pump3_aux,0.03502718269459514
P4_Pump4_NaHSO3,0.03502718269459514
P4_Pump4_aux,0.03502718269459514
P4_Pump1,0.035027182694595115
P4_Pump1_NaHSO3,0.035027182694595115
P4_Pump2,0.035027182694595115
P4_Pump2_NaHSO3,0.035027182694595115
P5_RO_Unit,0.031438390671878626
CTRL6_2,0.02754379085180477
CTRL6,0.027543790851804768
P1_Pump3_aux,0.027536860888939398
P1_Pump4_aux,0.027536860888939398
P1_Pump1,0.02753686088893938
P1_Pump2,0.02753686088893938
P5_Pumpboost3_aux,0.015719195335939316
P5_Pumpboost4_aux,0.015719195335939316
P5_Pumpboost1,0.01571919533593931
P5_Pumpboost2,0.01571919533593931
P6_Pump_backwash,0.004703551409658557
P6_Pump_backwash_aux,0.004703551409658557
P1_CTRL1_2_feedback,7.77135975647931e-135
P1_CTRL1_feedback,7.77135975647931e-135
P1_Pipe1,7.77135975647931e-135
P1_Pipe1_flow,7.77135975647931e-135
P1_Pump1_rotation,7.77135975647931e-135
P1_Pump1_status,7.77135975647931e-135
P1_Pump1_temp,7.77135975647931e-135
P1_Pump2_rotation,7.77135975647931e-135
P1_Pump2_status,7.77135975647931e-135
P1_Pump2_temp,7.77135975647931e-135
P1_Pump3_aux_rotation,7.77135975647931e-135
P1_Pump3_aux_status,7.77135975647931e-135
P1_Pump3_aux_temp,7.77135975647931e-135
P1_Pump4_aux_rotation,7.77135975647931e-135
P1_Pump4_aux_status,7.77135975647931e-135
P1_Pump4_aux_temp,7.77135975647931e-135
P1_Tank1,7.77135975647931e-135
P1_Tank1_level,7.77135975647931e-135
P1_Tank1_weight,7.77135975647931e-135
P2_AIT_conduct,7.77135975647931e-135
P2_AIT_pH_ORP,7.77135975647931e-135
P2_CTRL2_2_feedback,7.77135975647931e-135
P2_CTRL2_feedback,7.77135975647931e-135
P2_Flow1,7.77135975647931e-135
P2_Level_HCl,7.77135975647931e-135
P2_Level_NaCl,7.77135975647931e-135
P2_Level_NaOCl,7.77135975647931e-135
P2_MERGER_DOSING_POINT,7.77135975647931e-135
P2_Mixer_status,7.77135975647931e-135
P2_Pipe1,7.77135975647931e-135
P2_Pipe2,7.77135975647931e-135
P2_Pipe3,7.77135975647931e-135
P2_Pipe4,7.77135975647931e-135
P2_Pipe5,7.77135975647931e-135
P2_Pump1_HCl_rotation,7.77135975647931e-135
P2_Pump1_HCl_status,7.77135975647931e-135
P2_Pump1_HCl_temp,7.77135975647931e-135
P2_Pump1_NaCl_rotation,7.77135975647931e-135
P2_Pump1_NaCl_status,7.77135975647931e-135
P2_Pump1_NaCl_temp,7.77135975647931e-135
P2_Pump1_NaOCl_rotation,7.77135975647931e-135
P2_Pump1_NaOCl_status,7.77135975647931e-135
P2_Pump1_NaOCl_temp,7.77135975647931e-135
P2_Pump2_HCl_rotation,7.77135975647931e-135
P2_Pump2_HCl_status,7.77135975647931e-135
P2_Pump2_HCl_temp,7.77135975647931e-135
P2_Pump2_NaCl_rotation,7.77135975647931e-135
P2_Pump2_NaCl_status,7.77135975647931e-135
P2_Pump2_NaCl_temp,7.77135975647931e-135
P2_Pump2_NaOCl_rotation,7.77135975647931e-135
P2_Pump2_NaOCl_status,7.77135975647931e-135
P2_Pump2_NaOCl_temp,7.77135975647931e-135
P2_Pump3_HCl_aux_rotation,7.77135975647931e-135
P2_Pump3_HCl_aux_status,7.77135975647931e-135
P2_Pump3_HCl_aux_temp,7.77135975647931e-135
P2_Pump3_NaCl_aux_rotation,7.77135975647931e-135
P2_Pump3_NaCl_aux_status,7.77135975647931e-135
P2_Pump3_NaCl_aux_temp,7.77135975647931e-135
P2_Pump3_NaOCl_aux_rotation,7.77135975647931e-135
P2_Pump3_NaOCl_aux_status,7.77135975647931e-135
P2_Pump3_NaOCl_aux_temp,7.77135975647931e-135
P2_Pump4_HCl_aux_rotation,7.77135975647931e-135
P2_Pump4_HCl_aux_status,7.77135975647931e-135
P2_Pump4_HCl_aux_temp,7.77135975647931e-135
P2_Pump4_NaCl_aux_rotation,7.77135975647931e-135
P2_Pump4_NaCl_aux_status,7.77135975647931e-135
P2_Pump4_NaCl_aux_temp,7.77135975647931e-135
P2_Pump4_NaOCl_aux_rotation,7.77135975647931e-135
P2_Pump4_NaOCl_aux_status,7.77135975647931e-135
P2_Pump4_NaOCl_aux_temp,7.77135975647931e-135
P2_Tank_HCl,7.77135975647931e-135
P2_Tank_NaCl,7.77135975647931e-135
P2_Tank_NaOCl,7.77135975647931e-135
P3_CTRL3_2_feedback,7.77135975647931e-135
P3_CTRL3_feedback,7.77135975647931e-135
P3_Permeate_flux,7.77135975647931e-135
P3_Pipe0,7.77135975647931e-135
P3_Pipe0_flow,7.77135975647931e-135
P3_Pipe1,7.77135975647931e-135
P3_Pipe2,7.77135975647931e-135
P3_Pipe3,7.77135975647931e-135
P3_Pipe4,7.77135975647931e-135
P3_Pipe5,7.77135975647931e-135
P3_Pump1_rotation,7.77135975647931e-135
P3_Pump1_status,7.77135975647931e-135
P3_Pump1_temp,7.77135975647931e-135
P3_Pump2_rotation,7.77135975647931e-135
P3_Pump2_status,7.77135975647931e-135
P3_Pump2_temp,7.77135975647931e-135
P3_Pump3_aux_rotation,7.77135975647931e-135
P3_Pump3_aux_status,7.77135975647931e-135
P3_Pump3_aux_temp,7.77135975647931e-135
P3_Pump4_aux_rotation,7.77135975647931e-135
P3_Pump4_aux_status,7.77135975647931e-135
P3_Pump4_aux_temp,7.77135975647931e-135
P3_TMP,7.77135975647931e-135
P3_TO_DRAIN,7.77135975647931e-135
P3_Tank1,7.77135975647931e-135
P3_Tank_level,7.77135975647931e-135
P3_UF_membrane,7.77135975647931e-135
P4_CTRL4_2_feedback,7.77135975647931e-135
P4_CTRL4_feedback,7.77135975647931e-135
P4_MERGER_POINT,7.77135975647931e-135
P4_Pipe1,7.77135975647931e-135
P4_Pipe2,7.77135975647931e-135
P4_Pipe3,7.77135975647931e-135
P4_Pipe3_flow,7.77135975647931e-135
P4_Pipe4,7.77135975647931e-135
P4_Pipe4_1,7.77135975647931e-135
P4_Pipe4_2,7.77135975647931e-135
P4_Pipe4_AIT_ORP,7.77135975647931e-135
P4_Pump1_NaHSO3_rotation,7.77135975647931e-135
P4_Pump1_NaHSO3_status,7.77135975647931e-135
P4_Pump1_NaHSO3_temp,7.77135975647931e-135
P4_Pump1_rotation,7.77135975647931e-135
P4_Pump1_status,7.77135975647931e-135
P4_Pump1_temp,7.77135975647931e-135
P4_Pump2_NaHSO3_rotation,7.77135975647931e-135
P4_Pump2_NaHSO3_status,7.77135975647931e-135
P4_Pump2_NaHSO3_temp,7.77135975647931e-135
P4_Pump2_rotation,7.77135975647931e-135
P4_Pump2_status,7.77135975647931e-135
P4_Pump2_temp,7.77135975647931e-135
P4_Pump3_NaHSO3_rotation,7.77135975647931e-135
P4_Pump3_NaHSO3_status,7.77135975647931e-135
P4_Pump3_NaHSO3_temp,7.77135975647931e-135
P4_Pump3_aux_rotation,7.77135975647931e-135
P4_Pump3_aux_status,7.77135975647931e-135
P4_Pump3_aux_temp,7.77135975647931e-135
P4_Pump4_NaHSO3_rotation,7.77135975647931e-135
P4_Pump4_NaHSO3_status,7.77135975647931e-135
P4_Pump4_NaHSO3_temp,7.77135975647931e-135
P4_Pump4_aux_rotation,7.77135975647931e-135
P4_Pump4_aux_status,7.77135975647931e-135
P4_Pump4_aux_temp,7.77135975647931e-135
P4_Tank1,7.77135975647931e-135
P4_Tank1_level,7.77135975647931e-135
P4_Tank_NaHSO3,7.77135975647931e-135
P4_UV_status,7.77135975647931e-135
P5_CTRL5_2_feedback,7.77135975647931e-135
P5_CTRL5_feedback,7.77135975647931e-135
P5_Cartridge_filter,7.77135975647931e-135
P5_Cartridge_filter_status,7.77135975647931e-135
P5_Pipe0,7.77135975647931e-135
P5_Pipe0_AIT_Conduct,7.77135975647931e-135
P5_Pipe0_AIT_pH_ORP,7.77135975647931e-135
P5_Pipe1,7.77135975647931e-135
P5_Pipe1_pressure,7.77135975647931e-135
P5_Pipe2,7.77135975647931e-135
P5_Pipe2_pressure,7.77135975647931e-135
P5_Pipe3,7.77135975647931e-135
P5_Pipe3_pressure,7.77135975647931e-135
P5_Pipe4,7.77135975647931e-135
P5_Pipe4_pressure,7.77135975647931e-135
P5_Pipe5,7.77135975647931e-135
P5_Pipe5_flow,7.77135975647931e-135
P5_Pipe6,7.77135975647931e-135
P5_Pipe6_AIT_Conduct,7.77135975647931e-135
P5_Pipe6_flow,7.77135975647931e-135
P5_Pumpboost1_rotation,7.77135975647931e-135
P5_Pumpboost1_status,7.77135975647931e-135
P5_Pumpboost1_temp,7.77135975647931e-135
P5_Pumpboost2_rotation,7.77135975647931e-135
P5_Pumpboost2_status,7.77135975647931e-135
P5_Pumpboost2_temp,7.77135975647931e-135
P5_Pumpboost3_rotation,7.77135975647931e-135
P5_Pumpboost3_status,7.77135975647931e-135
P5_Pumpboost3_temp,7.77135975647931e-135
P5_Pumpboost4_rotation,7.77135975647931e-135
P5_Pumpboost4_status,7.77135975647931e-135
P5_Pumpboost4_temp,7.77135975647931e-135
P5_RO_Unit_status,7.77135975647931e-135
P6_CTRL6_2_feedback,7.77135975647931e-135
P6_CTRL6_feedback,7.77135975647931e-135
P6_Pipe1,7.77135975647931e-135
P6_Pipe3,7.77135975647931e-135
P6_Pump_backwash_aux_rotation,7.77135975647931e-135
P6_Pump_backwash_aux_status,7.77135975647931e-135
P6_Pump_backwash_aux_temp,7.77135975647931e-135
P6_Pump_backwash_rotation,7.77135975647931e-135
P6_Pump_backwash_status,7.77135975647931e-135
P6_Pump_backwash_temp,7.77135975647931e-135
P6_Tank_backwash,7.77135975647931e-135
P6_Tank_backwash_level,7.77135975647931e-135
P6_Tank_permeate,7.77135975647931e-135
P6_Tank_permeate_level,7.77135975647931e-135
P6_pipe3_flow,7.77135975647931e-135