﻿name,score
P3_Pump1,0.16076693769854117
P3_Pump2,0.16076693769854117
P3_Pump3_aux,0.16076693769854117
P3_Pump4_aux,0.16076693769854117
P3_UF_membrane,0.16076693769854117
P4_Pump1,0.16076693769854114
P4_Pump1_NaHSO3,0.16076693769854114
P4_Pump2,0.16076693769854114
P4_Pump2_NaHSO3,0.16076693769854114
P4_Pump3_NaHSO3,0.16076693769854114
P4_Pump3_aux,0.16076693769854114
P4_Pump4_NaHSO3,0.16076693769854114
P4_Pump4_aux,0.16076693769854114
P4_UV,0.16076693769854114
CTRL3,0.152813994853878
CTRL3_2,0.152813994853878
CTRL4,0.152813994853878
CTRL4_2,0.152813994853878
P2_Mixer1,0.12895516631988857
P2_Pump1_HCl,0.12895516631988857
P2_Pump1_NaCl,0.12895516631988857
P2_Pump1_NaOCl,0.12895516631988857
P2_Pump2_HCl,0.12895516631988857
P2_Pump2_NaCl,0.12895516631988857
P2_Pump2_NaOCl,0.12895516631988857
P2_Pump3_HCl_aux,0.12895516631988857
P2_Pump3_NaCl_aux,0.12895516631988857
P2_Pump3_NaOCl_aux,0.12895516631988857
P2_Pump4_HCl_aux,0.12895516631988857
P2_Pump4_NaCl_aux,0.12895516631988857
P2_Pump4_NaOCl_aux,0.12895516631988857
P5_Pipe6,0.12895516631988854
P5_Pumpboost1,0.12895516631988854
P5_Pumpboost2,0.12895516631988854
P5_Pumpboost3_aux,0.12895516631988854
P5_Pumpboost4_aux,0.12895516631988854
P5_RO_Unit,0.12895516631988854
CTRL2,0.12256570327168086
CTRL2_2,0.12256570327168086
CTRL5,0.12256570327168083
CTRL5_2,0.12256570327168083
P3_Valve1_back,0.11617624022347314
P3_Valve2_back,0.11617624022347314
P3_Pipe0,0.08038346884927058
P3_Tank1,0.08038346884927058
P4_Pipe3,0.08038346884927057
P4_Pipe4,0.08038346884927057
P4_Tank1,0.08038346884927057
P1_Pump1,0.07158554274840513
P1_Pump2,0.07158554274840513
P1_Pump3_aux,0.07158554274840513
P1_Pump4_aux,0.07158554274840513
P1_Tank1,0.07158554274840513
P6_Pump_backwash,0.07158554274840512
P6_Pump_backwash_aux,0.07158554274840512
CTRL1,0.06803156295417472
CTRL1_2,0.06803156295417472
CTRL6,0.0680315629541747
CTRL6_2,0.0680315629541747
P2_Pipe4,0.06447758315994429
P2_Tank_HCl,0.06447758315994429
P2_Tank_NaCl,0.06447758315994429
P2_Tank_NaOCl,0.06447758315994429
P2_Valve_Raw_Tank,0.06447758315994429
P5_Cartridge_filter,0.06447758315994427
P5_Pipe0,0.06447758315994427
P5_Pipe1,0.06447758315994427
P5_Pipe2,0.06447758315994427
P5_Pipe3,0.06447758315994427
P5_Pipe4,0.06447758315994427
P5_Pipe5,0.06447758315994427
P1_Pipe1,0.035792771374202566
P6_Pipe3,0.03579277137420256
P6_Tank_backwash,0.03579277137420256
P6_Tank_permeate,0.03579277137420256
P1_CTRL1_2_feedback,3.423345593796546e-100
P1_CTRL1_feedback,3.423345593796546e-100
P1_Pipe1_flow,3.423345593796546e-100
P1_Pump1_rotation,3.423345593796546e-100
P1_Pump1_status,3.423345593796546e-100
P1_Pump1_temp,3.423345593796546e-100
P1_Pump2_rotation,3.423345593796546e-100
P1_Pump2_status,3.423345593796546e-100
P1_Pump2_temp,3.423345593796546e-100
P1_Pump3_aux_rotation,3.423345593796546e-100
P1_Pump3_aux_status,3.423345593796546e-100
P1_Pump3_aux_temp,3.423345593796546e-100
P1_Pump4_aux_rotation,3.423345593796546e-100
P1_Pump4_aux_status,3.423345593796546e-100
P1_Pump4_aux_temp,3.423345593796546e-100
P1_Tank1_level,3.423345593796546e-100
P1_Tank1_weight,3.423345593796546e-100
P2_AIT_conduct,3.423345593796546e-100
P2_AIT_pH_ORP,3.423345593796546e-100
P2_CTRL2_2_feedback,3.423345593796546e-100
P2_CTRL2_feedback,3.423345593796546e-100
P2_Flow1,3.423345593796546e-100
P2_Level_HCl,3.423345593796546e-100
P2_Level_NaCl,3.423345593796546e-100
P2_Level_NaOCl,3.423345593796546e-100
P2_MERGER_DOSING_POINT,3.423345593796546e-100
P2_Mixer_status,3.423345593796546e-100
P2_Pipe1,3.423345593796546e-100
P2_Pipe2,3.423345593796546e-100
P2_Pipe3,3.423345593796546e-100
P2_Pipe5,3.423345593796546e-100
P2_Pump1_HCl_rotation,3.423345593796546e-100
P2_Pump1_HCl_status,3.423345593796546e-100
P2_Pump1_HCl_temp,3.423345593796546e-100
P2_Pump1_NaCl_rotation,3.423345593796546e-100
P2_Pump1_NaCl_status,3.423345593796546e-100
P2_Pump1_NaCl_temp,3.423345593796546e-100
P2_Pump1_NaOCl_rotation,3.423345593796546e-100
P2_Pump1_NaOCl_status,3.423345593796546e-100
P2_Pump1_NaOCl_temp,3.423345593796546e-100
P2_Pump2_HCl_rotation,3.423345593796546e-100
P2_Pump2_HCl_status,3.423345593796546e-100
P2_Pump2_HCl_temp,3.423345593796546e-100
P2_Pump2_NaCl_rotation,3.423345593796546e-100
P2_Pump2_NaCl_status,3.423345593796546e-100
P2_Pump2_NaCl_temp,3.423345593796546e-100
P2_Pump2_NaOCl_rotation,3.423345593796546e-100
P2_Pump2_NaOCl_status,3.423345593796546e-100
P2_Pump2_NaOCl_temp,3.423345593796546e-100
P2_Pump3_HCl_aux_rotation,3.423345593796546e-100
P2_Pump3_HCl_aux_status,3.423345593796546e-100
P2_Pump3_HCl_aux_temp,3.423345593796546e-100
P2_Pump3_NaCl_aux_rotation,3.423345593796546e-100
P2_Pump3_NaCl_aux_status,3.423345593796546e-100
P2_Pump3_NaCl_aux_temp,3.423345593796546e-100
P2_Pump3_NaOCl_aux_rotation,3.423345593796546e-100
P2_Pump3_NaOCl_aux_status,3.423345593796546e-100
P2_Pump3_NaOCl_aux_temp,3.423345593796546e-100
P2_Pump4_HCl_aux_rotation,3.423345593796546e-100
P2_Pump4_HCl_aux_status,3.423345593796546e-100
P2_Pump4_HCl_aux_temp,3.423345593796546e-100
P2_Pump4_NaCl_aux_rotation,3.423345593796546e-100
P2_Pump4_NaCl_aux_status,3.423345593796546e-100
P2_Pump4_NaCl_aux_temp,3.423345593796546e-100
P2_Pump4_NaOCl_aux_rotation,3.423345593796546e-100
P2_Pump4_NaOCl_aux_status,3.423345593796546e-100
P2_Pump4_NaOCl_aux_temp,3.423345593796546e-100
P3_CTRL3_2_feedback,3.423345593796546e-100
P3_CTRL3_feedback,3.423345593796546e-100
P3_Permeate_flux,3.423345593796546e-100
P3_Pipe0_flow,3.423345593796546e-100
P3_Pipe1,3.423345593796546e-100
P3_Pipe2,3.423345593796546e-100
P3_Pipe3,3.423345593796546e-100
P3_Pipe4,3.423345593796546e-100
P3_Pipe5,3.423345593796546e-100
P3_Pump1_rotation,3.423345593796546e-100
P3_Pump1_status,3.423345593796546e-100
P3_Pump1_temp,3.423345593796546e-100
P3_Pump2_rotation,3.423345593796546e-100
P3_Pump2_status,3.423345593796546e-100
P3_Pump2_temp,3.423345593796546e-100
P3_Pump3_aux_rotation,3.423345593796546e-100
P3_Pump3_aux_status,3.423345593796546e-100
P3_Pump3_aux_temp,3.423345593796546e-100
P3_Pump4_aux_rotation,3.423345593796546e-100
P3_Pump4_aux_status,3.423345593796546e-100
P3_Pump4_aux_temp,3.423345593796546e-100
P3_TMP,3.423345593796546e-100
P3_TO_DRAIN,3.423345593796546e-100
P3_Tank_level,3.423345593796546e-100
P4_CTRL4_2_feedback,3.423345593796546e-100
P4_CTRL4_feedback,3.423345593796546e-100
P4_MERGER_POINT,3.423345593796546e-100
P4_Pipe1,3.423345593796546e-100
P4_Pipe2,3.423345593796546e-100
P4_Pipe3_flow,3.423345593796546e-100
P4_Pipe4_1,3.423345593796546e-100
P4_Pipe4_2,3.423345593796546e-100
P4_Pipe4_AIT_ORP,3.423345593796546e-100
P4_Pump1_NaHSO3_rotation,3.423345593796546e-100
P4_Pump1_NaHSO3_status,3.423345593796546e-100
P4_Pump1_NaHSO3_temp,3.423345593796546e-100
P4_Pump1_rotation,3.423345593796546e-100
P4_Pump1_status,3.423345593796546e-100
P4_Pump1_temp,3.423345593796546e-100
P4_Pump2_NaHSO3_rotation,3.423345593796546e-100
P4_Pump2_NaHSO3_status,3.423345593796546e-100
P4_Pump2_NaHSO3_temp,3.423345593796546e-100
P4_Pump2_rotation,3.423345593796546e-100
P4_Pump2_status,3.423345593796546e-100
P4_Pump2_temp,3.423345593796546e-100
P4_Pump3_NaHSO3_rotation,3.423345593796546e-100
P4_Pump3_NaHSO3_status,3.423345593796546e-100
P4_Pump3_NaHSO3_temp,3.423345593796546e-100
P4_Pump3_aux_rotation,3.423345593796546e-100
P4_Pump3_aux_status,3.423345593796546e-100
P4_Pump3_aux_temp,3.423345593796546e-100
P4_Pump4_NaHSO3_rotation,3.423345593796546e-100
P4_Pump4_NaHSO3_status,3.423345593796546e-100
P4_Pump4_NaHSO3_temp,3.423345593796546e-100
P4_Pump4_aux_rotation,3.423345593796546e-100
P4_Pump4_aux_status,3.423345593796546e-100
P4_Pump4_aux_temp,3.423345593796546e-100
P4_Tank1_level,3.423345593796546e-100
P4_Tank_NaHSO3,3.423345593796546e-100
P4_UV_status,3.423345593796546e-100
P5_CTRL5_2_feedback,3.423345593796546e-100
P5_CTRL5_feedback,3.423345593796546e-100
P5_Cartridge_filter_status,3.423345593796546e-100
P5_Pipe0_AIT_Conduct,3.423345593796546e-100
P5_Pipe0_AIT_pH_ORP,3.423345593796546e-100
P5_Pipe1_pressure,3.423345593796546e-100
P5_Pipe2_pressure,3.423345593796546e-100
P5_Pipe3_pressure,3.423345593796546e-100
P5_Pipe4_pressure,3.423345593796546e-100
P5_Pipe5_flow,3.423345593796546e-100
P5_Pipe6_AIT_Conduct,3.423345593796546e-100
P5_Pipe6_flow,3.423345593796546e-100
P5_Pumpboost1_rotation,3.423345593796546e-100
P5_Pumpboost1_status,3.423345593796546e-100
P5_Pumpboost1_temp,3.423345593796546e-100
P5_Pumpboost2_rotation,3.423345593796546e-100
P5_Pumpboost2_status,3.423345593796546e-100
P5_Pumpboost2_temp,3.423345593796546e-100
P5_Pumpboost3_rotation,3.423345593796546e-100
P5_Pumpboost3_status,3.423345593796546e-100
P5_Pumpboost3_temp,3.423345593796546e-100
P5_Pumpboost4_rotation,3.423345593796546e-100
P5_Pumpboost4_status,3.423345593796546e-100
P5_Pumpboost4_temp,3.423345593796546e-100
P5_RO_Unit_status,3.423345593796546e-100
P6_CTRL6_2_feedback,3.423345593796546e-100
P6_CTRL6_feedback,3.423345593796546e-100
P6_Pipe1,3.423345593796546e-100
P6_Pump_backwash_aux_rotation,3.423345593796546e-100
P6_Pump_backwash_aux_status,3.423345593796546e-100
P6_Pump_backwash_aux_temp,3.423345593796546e-100
P6_Pump_backwash_rotation,3.423345593796546e-100
P6_Pump_backwash_status,3.423345593796546e-100
P6_Pump_backwash_temp,3.423345593796546e-100
P6_Tank_backwash_level,3.423345593796546e-100
P6_Tank_permeate_level,3.423345593796546e-100
P6_pipe3_flow,3.423345593796546e-100