﻿name,score
P3_Pump1,0.26150002223953844
P3_Pump2,0.26150002223953844
P4_Pump1,0.26150002223953844
P4_Pump1_NaHSO3,0.26150002223953844
P4_Pump2,0.26150002223953844
P4_Pump2_NaHSO3,0.26150002223953844
P2_Pump1_HCl,0.20970989466965886
P2_Pump1_NaCl,0.20970989466965886
P2_Pump1_NaOCl,0.20970989466965886
P2_Pump2_HCl,0.20970989466965886
P2_Pump2_NaCl,0.20970989466965886
P2_Pump2_NaOCl,0.20970989466965886
P5_Pumpboost1,0.20970989466965886
P5_Pumpboost2,0.20970989466965886
P3_UF_membrane,0.13075001111976922
P4_UV,0.13075001111976922
CTRL3,0.11780247922729935
CTRL4,0.11780247922729935
P1_Pump1,0.11637705253639005
P1_Pump2,0.11637705253639005
P6_Pump_backwash,0.11637705253639005
P2_Mixer1,0.10485494733482943
P5_Pipe6,0.10485494733482943
P5_RO_Unit,0.10485494733482943
CTRL2,0.09446926869398213
CTRL5,0.09446926869398213
P3_Valve1_back,0.09446926869398213
P3_Valve2_back,0.09446926869398213
P3_Pipe0,0.06537500555988461
P3_Tank1,0.06537500555988461
P4_Pipe3,0.06537500555988461
P4_Pipe4,0.06537500555988461
P4_Tank1,0.06537500555988461
P1_Tank1,0.058188526268195026
CTRL1,0.052427473667414716
CTRL6,0.052427473667414716
P2_Pipe4,0.052427473667414716
P2_Tank_HCl,0.052427473667414716
P2_Tank_NaCl,0.052427473667414716
P2_Tank_NaOCl,0.052427473667414716
P2_Valve_Raw_Tank,0.052427473667414716
P5_Cartridge_filter,0.052427473667414716
P5_Pipe0,0.052427473667414716
P5_Pipe1,0.052427473667414716
P5_Pipe2,0.052427473667414716
P5_Pipe3,0.052427473667414716
P5_Pipe4,0.052427473667414716
P5_Pipe5,0.052427473667414716
P1_Pipe1,0.029094263134097513
P6_Pipe3,0.029094263134097513
P6_Tank_backwash,0.029094263134097513
P6_Tank_permeate,0.029094263134097513
P1_Pipe1_flow,2.893462257250407e-51
P1_Pump1_rotation,2.893462257250407e-51
P1_Pump1_status,2.893462257250407e-51
P1_Pump1_temp,2.893462257250407e-51
P1_Pump2_rotation,2.893462257250407e-51
P1_Pump2_status,2.893462257250407e-51
P1_Pump2_temp,2.893462257250407e-51
P1_Tank1_level,2.893462257250407e-51
P1_Tank1_weight,2.893462257250407e-51
P2_AIT_conduct,2.893462257250407e-51
P2_AIT_pH_ORP,2.893462257250407e-51
P2_Flow1,2.893462257250407e-51
P2_Level_HCl,2.893462257250407e-51
P2_Level_NaCl,2.893462257250407e-51
P2_Level_NaOCl,2.893462257250407e-51
P2_MERGER_DOSING_POINT,2.893462257250407e-51
P2_Mixer_status,2.893462257250407e-51
P2_Pipe1,2.893462257250407e-51
P2_Pipe2,2.893462257250407e-51
P2_Pipe3,2.893462257250407e-51
P2_Pipe5,2.893462257250407e-51
P2_Pump1_HCl_rotation,2.893462257250407e-51
P2_Pump1_HCl_status,2.893462257250407e-51
P2_Pump1_HCl_temp,2.893462257250407e-51
P2_Pump1_NaCl_rotation,2.893462257250407e-51
P2_Pump1_NaCl_status,2.893462257250407e-51
P2_Pump1_NaCl_temp,2.893462257250407e-51
P2_Pump1_NaOCl_rotation,2.893462257250407e-51
P2_Pump1_NaOCl_status,2.893462257250407e-51
P2_Pump1_NaOCl_temp,2.893462257250407e-51
P2_Pump2_HCl_rotation,2.893462257250407e-51
P2_Pump2_HCl_status,2.893462257250407e-51
P2_Pump2_HCl_temp,2.893462257250407e-51
P2_Pump2_NaCl_rotation,2.893462257250407e-51
P2_Pump2_NaCl_status,2.893462257250407e-51
P2_Pump2_NaCl_temp,2.893462257250407e-51
P2_Pump2_NaOCl_rotation,2.893462257250407e-51
P2_Pump2_NaOCl_status,2.893462257250407e-51
P2_Pump2_NaOCl_temp,2.893462257250407e-51
P3_Permeate_flux,2.893462257250407e-51
P3_Pipe0_flow,2.893462257250407e-51
P3_Pipe1,2.893462257250407e-51
P3_Pipe2,2.893462257250407e-51
P3_Pipe3,2.893462257250407e-51
P3_Pipe4,2.893462257250407e-51
P3_Pipe5,2.893462257250407e-51
P3_Pump1_rotation,2.893462257250407e-51
P3_Pump1_status,2.893462257250407e-51
P3_Pump1_temp,2.893462257250407e-51
P3_Pump2_rotation,2.893462257250407e-51
P3_Pump2_status,2.893462257250407e-51
P3_Pump2_temp,2.893462257250407e-51
P3_TMP,2.893462257250407e-51
P3_TO_DRAIN,2.893462257250407e-51
P3_Tank_level,2.893462257250407e-51
P4_MERGER_POINT,2.893462257250407e-51
P4_Pipe1,2.893462257250407e-51
P4_Pipe2,2.893462257250407e-51
P4_Pipe3_flow,2.893462257250407e-51
P4_Pipe4_1,2.893462257250407e-51
P4_Pipe4_2,2.893462257250407e-51
P4_Pipe4_AIT_ORP,2.893462257250407e-51
P4_Pump1_NaHSO3_rotation,2.893462257250407e-51
P4_Pump1_NaHSO3_status,2.893462257250407e-51
P4_Pump1_NaHSO3_temp,2.893462257250407e-51
P4_Pump1_rotation,2.893462257250407e-51
P4_Pump1_status,2.893462257250407e-51
P4_Pump1_temp,2.893462257250407e-51
P4_Pump2_NaHSO3_rotation,2.893462257250407e-51
P4_Pump2_NaHSO3_status,2.893462257250407e-51
P4_Pump2_NaHSO3_temp,2.893462257250407e-51
P4_Pump2_rotation,2.893462257250407e-51
P4_Pump2_status,2.893462257250407e-51
P4_Pump2_temp,2.893462257250407e-51
P4_Tank1_level,2.893462257250407e-51
P4_Tank_NaHSO3,2.893462257250407e-51
P4_UV_status,2.893462257250407e-51
P5_Cartridge_filter_status,2.893462257250407e-51
P5_Pipe0_AIT_Conduct,2.893462257250407e-51
P5_Pipe0_AIT_pH_ORP,2.893462257250407e-51
P5_Pipe1_pressure,2.893462257250407e-51
P5_Pipe2_pressure,2.893462257250407e-51
P5_Pipe3_pressure,2.893462257250407e-51
P5_Pipe4_pressure,2.893462257250407e-51
P5_Pipe5_flow,2.893462257250407e-51
P5_Pipe6_AIT_Conduct,2.893462257250407e-51
P5_Pipe6_flow,2.893462257250407e-51
P5_Pumpboost1_rotation,2.893462257250407e-51
P5_Pumpboost1_status,2.893462257250407e-51
P5_Pumpboost1_temp,2.893462257250407e-51
P5_Pumpboost2_rotation,2.893462257250407e-51
P5_Pumpboost2_status,2.893462257250407e-51
P5_Pumpboost2_temp,2.893462257250407e-51
P5_RO_Unit_status,2.893462257250407e-51
P6_Pipe1,2.893462257250407e-51
P6_Pump_backwash_rotation,2.893462257250407e-51
P6_Pump_backwash_status,2.893462257250407e-51
P6_Pump_backwash_temp,2.893462257250407e-51
P6_Tank_backwash_level,2.893462257250407e-51
P6_Tank_permeate_level,2.893462257250407e-51
P6_pipe3_flow,2.893462257250407e-51