﻿name,componentId
P6_CTRL6_2_feedback,238
P6_CTRL6_feedback,237
P6_Pump_backwash_aux_rotation,236
P6_Pump_backwash_aux_temp,235
P6_Pump_backwash_aux_status,234
P6_Pump_backwash_rotation,231
P6_Pump_backwash_temp,230
P6_Pump_backwash_status,228
P6_pipe3_flow,227
P6_Tank_backwash_level,226
P6_Tank_permeate_level,225
P6_Pipe1,223
P5_CTRL5_2_feedback,222
P5_CTRL5_feedback,221
P5_Pumpboost4_rotation,220
P5_Pumpboost3_rotation,219
P5_Pumpboost4_temp,218
P5_Pumpboost3_temp,217
P5_Pumpboost4_status,216
P5_Pumpboost3_status,215
P5_RO_Unit_status,211
P5_Cartridge_filter_status,210
P5_Pumpboost2_rotation,209
P5_Pumpboost1_rotation,208
P5_Pumpboost2_temp,207
P5_Pumpboost1_temp,206
P5_Pumpboost2_status,202
P5_Pumpboost1_status,201
P5_Pipe6_AIT_Conduct,200
P5_Pipe6_flow,199
P5_Pipe5_flow,198
P5_Pipe4_pressure,197
P5_Pipe3_pressure,196
P5_Pipe2_pressure,195
P5_Pipe1_pressure,194
P5_Pipe0_AIT_pH_ORP,193
P5_Pipe0_AIT_Conduct,192
P4_CTRL4_2_feedback,181
P4_CTRL4_feedback,180
P4_Pump4_NaHSO3_rotation,179
P4_Pump3_NaHSO3_rotation,178
P4_Pump4_NaHSO3_temp,177
P4_Pump3_NaHSO3_temp,176
P4_Pump4_NaHSO3_status,175
P4_Pump3_NaHSO3_status,174
P4_Pump4_aux_rotation,171
P4_Pump3_aux_rotation,170
P4_Pump4_aux_temp,169
P4_Pump3_aux_temp,168
P4_Pump4_aux_status,167
P4_Pump3_aux_status,166
P4_UV_status,162
P4_Pump2_NaHSO3_rotation,161
P4_Pump1_NaHSO3_rotation,160
P4_Pump2_rotation,159
P4_Pump1_rotation,158
P4_Pump2_NaHSO3_temp,157
P4_Pump1_NaHSO3_temp,156
P4_Pump2_temp,155
P4_Pump1_temp,154
P4_Pump2_NaHSO3_status,151
P4_Pump1_NaHSO3_status,150
P4_Pump2_status,149
P4_Pump1_status,148
P4_Pipe3_flow,147
P4_Tank1_level,146
P4_Pipe4_AIT_ORP,145
P4_Pipe4_2,139
P4_Pipe4_1,138
P4_Pipe2,135
P4_Pipe1,134
P4_Tank_NaHSO3,133
P4_MERGER_POINT,132
P3_CTRL3_2_feedback,131
P3_CTRL3_feedback,130
P3_Pump4_aux_rotation,129
P3_Pump3_aux_rotation,128
P3_Pump4_aux_temp,127
P3_Pump3_aux_temp,126
P3_Pump4_aux_status,125
P3_Pump3_aux_status,124
P3_Permeate_flux,120
P3_Pump2_rotation,119
P3_Pump1_rotation,118
P3_Pump2_temp,117
P3_Pump1_temp,116
P3_Pump2_status,108
P3_Pump1_status,107
P3_TMP,106
P3_Pipe0_flow,105
P3_Tank_level,104
P3_Pipe5,102
P3_Pipe4,101
P3_Pipe3,100
P3_Pipe2,99
P3_Pipe1,98
P3_TO_DRAIN,96
P2_CTRL2_2_feedback,95
P2_CTRL2_feedback,94
P2_Pump4_HCl_aux_rotation,93
P2_Pump3_HCl_aux_rotation,92
P2_Pump4_NaOCl_aux_rotation,91
P2_Pump3_NaOCl_aux_rotation,90
P2_Pump4_NaCl_aux_rotation,89
P2_Pump3_NaCl_aux_rotation,88
P2_Pump4_HCl_aux_temp,87
P2_Pump3_HCl_aux_temp,86
P2_Pump4_NaOCl_aux_temp,85
P2_Pump3_NaOCl_aux_temp,84
P2_Pump4_NaCl_aux_temp,83
P2_Pump3_NaCl_aux_temp,82
P2_Pump4_HCl_aux_status,81
P2_Pump3_HCl_aux_status,80
P2_Pump4_NaOCl_aux_status,79
P2_Pump3_NaOCl_aux_status,78
P2_Pump4_NaCl_aux_status,77
P2_Pump3_NaCl_aux_status,76
P2_Mixer_status,68
P2_Pump2_HCl_rotation,67
P2_Pump1_HCl_rotation,66
P2_Pump2_NaOCl_rotation,65
P2_Pump1_NaOCl_rotation,64
P2_Pump2_NaCl_rotation,63
P2_Pump1_NaCl_rotation,62
P2_Pump2_HCl_temp,61
P2_Pump1_HCl_temp,60
P2_Pump2_NaOCl_temp,59
P2_Pump1_NaOCl_temp,58
P2_Pump2_NaCl_temp,57
P2_Pump1_NaCl_temp,56
P2_Level_HCl,45
P2_Level_NaOCl,44
P2_Level_NaCl,43
P2_Pump2_HCl_status,42
P2_Pump1_HCl_status,41
P2_Pump2_NaOCl_status,40
P2_Pump1_NaOCl_status,39
P2_Pump2_NaCl_status,38
P2_Pump1_NaCl_status,37
P2_AIT_pH_ORP,36
P2_AIT_conduct,35
P2_Flow1,34
P2_Pipe5,33
P2_Pipe3,32
P2_Pipe2,31
P2_Pipe1,30
P2_MERGER_DOSING_POINT,26
P1_CTRL1_2_feedback,25
P1_CTRL1_feedback,24
P1_Pump4_aux_rotation,23
P1_Pump3_aux_rotation,22
P1_Pump4_aux_temp,21
P1_Pump3_aux_temp,20
P1_Pump4_aux_status,19
P1_Pump3_aux_status,18
P1_Pump2_rotation,14
P1_Pump1_rotation,13
P1_Pump2_temp,12
P1_Pump1_temp,11
P1_Tank1_weight,10
P1_Pump2_status,7
P1_Pump1_status,6
P1_Pipe1_flow,5
P1_Tank1_level,4
CTRL1,0
CTRL1_2,0
CTRL2,0
CTRL2_2,0
CTRL3,0
CTRL3_2,0
CTRL4,0
CTRL4_2,0
CTRL5,0
CTRL5_2,0
CTRL6,0
CTRL6_2,0
P1_Pipe1,0
P1_Pump1,0
P1_Pump2,0
P1_Pump3_aux,0
P1_Pump4_aux,0
P1_Tank1,0
P2_Mixer1,0
P2_Pipe4,0
P2_Pump1_HCl,0
P2_Pump1_NaCl,0
P2_Pump1_NaOCl,0
P2_Pump2_HCl,0
P2_Pump2_NaCl,0
P2_Pump2_NaOCl,0
P2_Pump3_HCl_aux,0
P2_Pump3_NaCl_aux,0
P2_Pump3_NaOCl_aux,0
P2_Pump4_HCl_aux,0
P2_Pump4_NaCl_aux,0
P2_Pump4_NaOCl_aux,0
P2_Tank_HCl,0
P2_Tank_NaCl,0
P2_Tank_NaOCl,0
P2_Valve_Raw_Tank,0
P3_Pipe0,0
P3_Pump1,0
P3_Pump2,0
P3_Pump3_aux,0
P3_Pump4_aux,0
P3_Tank1,0
P3_UF_membrane,0
P3_Valve1_back,0
P3_Valve2_back,0
P4_Pipe3,0
P4_Pipe4,0
P4_Pump1,0
P4_Pump1_NaHSO3,0
P4_Pump2,0
P4_Pump2_NaHSO3,0
P4_Pump3_NaHSO3,0
P4_Pump3_aux,0
P4_Pump4_NaHSO3,0
P4_Pump4_aux,0
P4_Tank1,0
P4_UV,0
P5_Cartridge_filter,0
P5_Pipe0,0
P5_Pipe1,0
P5_Pipe2,0
P5_Pipe3,0
P5_Pipe4,0
P5_Pipe5,0
P5_Pipe6,0
P5_Pumpboost1,0
P5_Pumpboost2,0
P5_Pumpboost3_aux,0
P5_Pumpboost4_aux,0
P5_RO_Unit,0
P6_Pipe3,0
P6_Pump_backwash,0
P6_Pump_backwash_aux,0
P6_Tank_backwash,0
P6_Tank_permeate,0