﻿name,componentId
P1_Pump2_status,111
P1_Pump1_status,110
P1_Pipe1_flow,109
P1_Tank1_level,108
P6_Pump_backwash_status,102
P6_pipe3_flow,101
P6_Tank_backwash_level,100
P6_Tank_permeate_level,99
P6_Pipe1,97
P5_Pumpboost2_status,93
P5_Pumpboost1_status,92
P5_Pipe6_AIT_Conduct,91
P5_Pipe6_flow,90
P5_Pipe5_flow,89
P5_Pipe4_pressure,88
P5_Pipe3_pressure,87
P5_Pipe2_pressure,86
P5_Pipe1_pressure,85
P5_Pipe0_AIT_pH_ORP,84
P5_Pipe0_AIT_Conduct,83
P5_Cartridge_filter,72
P4_Pump2_NaHSO3_status,70
P4_Pump1_NaHSO3_status,69
P4_Pump2_status,68
P4_Pump1_status,67
P4_Pipe3_flow,66
P4_Tank1_level,65
P4_Pipe4_AIT_ORP,64
P4_Pipe4_2,58
P4_Pipe4_1,57
P4_Pipe2,54
P4_Pipe1,53
P4_Tank_NaHSO3,52
P4_MERGER_POINT,51
P3_Pump2_status,43
P3_Pump1_status,42
P3_TMP,41
P3_Pipe0_flow,40
P3_Tank_level,39
P3_Pipe5,37
P3_Pipe4,36
P3_Pipe3,35
P3_Pipe2,34
P3_Pipe1,33
P3_TO_DRAIN,31
P2_Level_HCl,20
P2_Level_NaOCl,19
P2_Level_NaCl,18
P2_Pump2_HCl_status,17
P2_Pump1_HCl_status,16
P2_Pump2_NaOCl_status,15
P2_Pump1_NaOCl_status,14
P2_Pump2_NaCl_status,13
P2_Pump1_NaCl_status,12
P2_AIT_pH_ORP,11
P2_AIT_conduct,10
P2_Flow1,9
P2_Pipe5,8
P2_Pipe3,7
P2_Pipe2,6
P2_Pipe1,5
P2_MERGER_DOSING_POINT,1
CTRL1,0
CTRL2,0
CTRL3,0
CTRL4,0
CTRL5,0
CTRL6,0
P1_Pipe1,0
P1_Pump1,0
P1_Pump2,0
P1_Tank1,0
P2_Mixer1,0
P2_Pipe4,0
P2_Pump1_HCl,0
P2_Pump1_NaCl,0
P2_Pump1_NaOCl,0
P2_Pump2_HCl,0
P2_Pump2_NaCl,0
P2_Pump2_NaOCl,0
P2_Tank_HCl,0
P2_Tank_NaCl,0
P2_Tank_NaOCl,0
P2_Valve_Raw_Tank,0
P3_Pipe0,0
P3_Pump1,0
P3_Pump2,0
P3_Tank1,0
P3_UF_membrane,0
P3_Valve1_back,0
P3_Valve2_back,0
P4_Pipe3,0
P4_Pipe4,0
P4_Pump1,0
P4_Pump1_NaHSO3,0
P4_Pump2,0
P4_Pump2_NaHSO3,0
P4_Tank1,0
P4_UV,0
P5_Pipe0,0
P5_Pipe1,0
P5_Pipe2,0
P5_Pipe3,0
P5_Pipe4,0
P5_Pipe5,0
P5_Pipe6,0
P5_Pumpboost1,0
P5_Pumpboost2,0
P5_RO_Unit,0
P6_Pipe3,0
P6_Pump_backwash,0
P6_Tank_backwash,0
P6_Tank_permeate,0