﻿name,componentId
P6_Pump_backwash_rotation,150
P6_Pump_backwash_temp,149
P6_Pump_backwash_status,147
P6_pipe3_flow,146
P6_Tank_backwash_level,145
P6_Tank_permeate_level,144
P6_Pipe1,142
P5_RO_Unit_status,141
P5_Cartridge_filter_status,140
P5_Pumpboost2_rotation,139
P5_Pumpboost1_rotation,138
P5_Pumpboost2_temp,137
P5_Pumpboost1_temp,136
P5_Pumpboost2_status,132
P5_Pumpboost1_status,131
P5_Pipe6_AIT_Conduct,130
P5_Pipe6_flow,129
P5_Pipe5_flow,128
P5_Pipe4_pressure,127
P5_Pipe3_pressure,126
P5_Pipe2_pressure,125
P5_Pipe1_pressure,124
P5_Pipe0_AIT_pH_ORP,123
P5_Pipe0_AIT_Conduct,122
P4_UV_status,111
P4_Pump2_NaHSO3_rotation,110
P4_Pump1_NaHSO3_rotation,109
P4_Pump2_rotation,108
P4_Pump1_rotation,107
P4_Pump2_NaHSO3_temp,106
P4_Pump1_NaHSO3_temp,105
P4_Pump2_temp,104
P4_Pump1_temp,103
P4_Pump2_NaHSO3_status,100
P4_Pump1_NaHSO3_status,99
P4_Pump2_status,98
P4_Pump1_status,97
P4_Pipe3_flow,96
P4_Tank1_level,95
P4_Pipe4_AIT_ORP,94
P4_Pipe4_2,88
P4_Pipe4_1,87
P4_Pipe2,84
P4_Pipe1,83
P4_Tank_NaHSO3,82
P4_MERGER_POINT,81
P3_Permeate_flux,80
P3_Pump2_rotation,79
P3_Pump1_rotation,78
P3_Pump2_temp,77
P3_Pump1_temp,76
P3_Pump2_status,68
P3_Pump1_status,67
P3_TMP,66
P3_Pipe0_flow,65
P3_Tank_level,64
P3_Pipe5,62
P3_Pipe4,61
P3_Pipe3,60
P3_Pipe2,59
P3_Pipe1,58
P3_TO_DRAIN,56
P2_Mixer_status,55
P2_Pump2_HCl_rotation,54
P2_Pump1_HCl_rotation,53
P2_Pump2_NaOCl_rotation,52
P2_Pump1_NaOCl_rotation,51
P2_Pump2_NaCl_rotation,50
P2_Pump1_NaCl_rotation,49
P2_Pump2_HCl_temp,48
P2_Pump1_HCl_temp,47
P2_Pump2_NaOCl_temp,46
P2_Pump1_NaOCl_temp,45
P2_Pump2_NaCl_temp,44
P2_Pump1_NaCl_temp,43
P2_Level_HCl,32
P2_Level_NaOCl,31
P2_Level_NaCl,30
P2_Pump2_HCl_status,29
P2_Pump1_HCl_status,28
P2_Pump2_NaOCl_status,27
P2_Pump1_NaOCl_status,26
P2_Pump2_NaCl_status,25
P2_Pump1_NaCl_status,24
P2_AIT_pH_ORP,23
P2_AIT_conduct,22
P2_Flow1,21
P2_Pipe3,19
P2_Pipe2,18
P2_Pipe1,17
P2_MERGER_DOSING_POINT,13
P1_Pump2_rotation,12
P1_Pump1_rotation,11
P1_Pump2_temp,10
P1_Pump1_temp,9
P1_Tank1_weight,8
P1_Pump2_status,5
P1_Pump1_status,4
P1_Pipe1_flow,3
P1_Tank1_level,2
CTRL1,0
CTRL2,0
CTRL3,0
CTRL4,0
CTRL5,0
CTRL6,0
P1_Pipe1,0
P1_Pump1,0
P1_Pump2,0
P1_Tank1,0
P2_Mixer1,0
P2_Pipe4,0
P2_Pipe5,0
P2_Pump1_HCl,0
P2_Pump1_NaCl,0
P2_Pump1_NaOCl,0
P2_Pump2_HCl,0
P2_Pump2_NaCl,0
P2_Pump2_NaOCl,0
P2_Tank_HCl,0
P2_Tank_NaCl,0
P2_Tank_NaOCl,0
P2_Valve_Raw_Tank,0
P3_Pipe0,0
P3_Pump1,0
P3_Pump2,0
P3_Tank1,0
P3_UF_membrane,0
P3_Valve1_back,0
P3_Valve2_back,0
P4_Pipe3,0
P4_Pipe4,0
P4_Pump1,0
P4_Pump1_NaHSO3,0
P4_Pump2,0
P4_Pump2_NaHSO3,0
P4_Tank1,0
P4_UV,0
P5_Cartridge_filter,0
P5_Pipe0,0
P5_Pipe1,0
P5_Pipe2,0
P5_Pipe3,0
P5_Pipe4,0
P5_Pipe5,0
P5_Pipe6,0
P5_Pumpboost1,0
P5_Pumpboost2,0
P5_RO_Unit,0
P6_Pipe3,0
P6_Pump_backwash,0
P6_Tank_backwash,0
P6_Tank_permeate,0