﻿name,componentId
P6_Pump_backwash_aux_rotation,226
P6_Pump_backwash_aux_temp,225
P6_Pump_backwash_aux_status,224
P6_Pump_backwash_rotation,221
P6_Pump_backwash_temp,220
P6_Pump_backwash_status,218
P6_pipe3_flow,217
P6_Tank_backwash_level,216
P6_Tank_permeate_level,215
P6_Pipe1,213
P5_Pumpboost4_rotation,212
P5_Pumpboost3_rotation,211
P5_Pumpboost4_temp,210
P5_Pumpboost3_temp,209
P5_Pumpboost4_status,208
P5_Pumpboost3_status,207
P5_RO_Unit_status,203
P5_Cartridge_filter_status,202
P5_Pumpboost2_rotation,201
P5_Pumpboost1_rotation,200
P5_Pumpboost2_temp,199
P5_Pumpboost1_temp,198
P5_Pumpboost2_status,194
P5_Pumpboost1_status,193
P5_Pipe6_AIT_Conduct,192
P5_Pipe6_flow,191
P5_Pipe5_flow,190
P5_Pipe4_pressure,189
P5_Pipe3_pressure,188
P5_Pipe2_pressure,187
P5_Pipe1_pressure,186
P5_Pipe0_AIT_pH_ORP,185
P5_Pipe0_AIT_Conduct,184
P4_Pump4_NaHSO3_rotation,173
P4_Pump3_NaHSO3_rotation,172
P4_Pump4_NaHSO3_temp,171
P4_Pump3_NaHSO3_temp,170
P4_Pump4_NaHSO3_status,169
P4_Pump3_NaHSO3_status,168
P4_Pump4_aux_rotation,165
P4_Pump3_aux_rotation,164
P4_Pump4_aux_temp,163
P4_Pump3_aux_temp,162
P4_Pump4_aux_status,161
P4_Pump3_aux_status,160
P4_UV_status,156
P4_Pump2_NaHSO3_rotation,155
P4_Pump1_NaHSO3_rotation,154
P4_Pump2_rotation,153
P4_Pump1_rotation,152
P4_Pump2_NaHSO3_temp,151
P4_Pump1_NaHSO3_temp,150
P4_Pump2_temp,149
P4_Pump1_temp,148
P4_Pump2_NaHSO3_status,145
P4_Pump1_NaHSO3_status,144
P4_Pump2_status,143
P4_Pump1_status,142
P4_Pipe3_flow,141
P4_Tank1_level,140
P4_Pipe4_AIT_ORP,139
P4_Pipe4_2,133
P4_Pipe4_1,132
P4_Pipe2,129
P4_Pipe1,128
P4_Tank_NaHSO3,127
P4_MERGER_POINT,126
P3_Pump4_aux_rotation,125
P3_Pump3_aux_rotation,124
P3_Pump4_aux_temp,123
P3_Pump3_aux_temp,122
P3_Pump4_aux_status,121
P3_Pump3_aux_status,120
P3_Permeate_flux,116
P3_Pump2_rotation,115
P3_Pump1_rotation,114
P3_Pump2_temp,113
P3_Pump1_temp,112
P3_Pump2_status,104
P3_Pump1_status,103
P3_TMP,102
P3_Pipe0_flow,101
P3_Tank_level,100
P3_Pipe5,98
P3_Pipe4,97
P3_Pipe3,96
P3_Pipe2,95
P3_Pipe1,94
P3_TO_DRAIN,92
P2_Pump4_HCl_aux_rotation,91
P2_Pump3_HCl_aux_rotation,90
P2_Pump4_NaOCl_aux_rotation,89
P2_Pump3_NaOCl_aux_rotation,88
P2_Pump4_NaCl_aux_rotation,87
P2_Pump3_NaCl_aux_rotation,86
P2_Pump4_HCl_aux_temp,85
P2_Pump3_HCl_aux_temp,84
P2_Pump4_NaOCl_aux_temp,83
P2_Pump3_NaOCl_aux_temp,82
P2_Pump4_NaCl_aux_temp,81
P2_Pump3_NaCl_aux_temp,80
P2_Pump4_HCl_aux_status,79
P2_Pump3_HCl_aux_status,78
P2_Pump4_NaOCl_aux_status,77
P2_Pump3_NaOCl_aux_status,76
P2_Pump4_NaCl_aux_status,75
P2_Pump3_NaCl_aux_status,74
P2_Mixer_status,66
P2_Pump2_HCl_rotation,65
P2_Pump1_HCl_rotation,64
P2_Pump2_NaOCl_rotation,63
P2_Pump1_NaOCl_rotation,62
P2_Pump2_NaCl_rotation,61
P2_Pump1_NaCl_rotation,60
P2_Pump2_HCl_temp,59
P2_Pump1_HCl_temp,58
P2_Pump2_NaOCl_temp,57
P2_Pump1_NaOCl_temp,56
P2_Pump2_NaCl_temp,55
P2_Pump1_NaCl_temp,54
P2_Level_HCl,43
P2_Level_NaOCl,42
P2_Level_NaCl,41
P2_Pump2_HCl_status,40
P2_Pump1_HCl_status,39
P2_Pump2_NaOCl_status,38
P2_Pump1_NaOCl_status,37
P2_Pump2_NaCl_status,36
P2_Pump1_NaCl_status,35
P2_AIT_pH_ORP,34
P2_AIT_conduct,33
P2_Flow1,32
P2_Pipe3,30
P2_Pipe2,29
P2_Pipe1,28
P2_MERGER_DOSING_POINT,24
P1_Pump4_aux_rotation,23
P1_Pump3_aux_rotation,22
P1_Pump4_aux_temp,21
P1_Pump3_aux_temp,20
P1_Pump4_aux_status,19
P1_Pump3_aux_status,18
P1_Pump2_rotation,14
P1_Pump1_rotation,13
P1_Pump2_temp,12
P1_Pump1_temp,11
P1_Tank1_weight,10
P1_Pump2_status,7
P1_Pump1_status,6
P1_Pipe1_flow,5
P1_Tank1_level,4
CTRL1,0
CTRL1_2,0
CTRL2,0
CTRL2_2,0
CTRL3,0
CTRL3_2,0
CTRL4,0
CTRL4_2,0
CTRL5,0
CTRL5_2,0
CTRL6,0
CTRL6_2,0
P1_Pipe1,0
P1_Pump1,0
P1_Pump2,0
P1_Pump3_aux,0
P1_Pump4_aux,0
P1_Tank1,0
P2_Mixer1,0
P2_Pipe4,0
P2_Pipe5,0
P2_Pump1_HCl,0
P2_Pump1_NaCl,0
P2_Pump1_NaOCl,0
P2_Pump2_HCl,0
P2_Pump2_NaCl,0
P2_Pump2_NaOCl,0
P2_Pump3_HCl_aux,0
P2_Pump3_NaCl_aux,0
P2_Pump3_NaOCl_aux,0
P2_Pump4_HCl_aux,0
P2_Pump4_NaCl_aux,0
P2_Pump4_NaOCl_aux,0
P2_Tank_HCl,0
P2_Tank_NaCl,0
P2_Tank_NaOCl,0
P2_Valve_Raw_Tank,0
P3_Pipe0,0
P3_Pump1,0
P3_Pump2,0
P3_Pump3_aux,0
P3_Pump4_aux,0
P3_Tank1,0
P3_UF_membrane,0
P3_Valve1_back,0
P3_Valve2_back,0
P4_Pipe3,0
P4_Pipe4,0
P4_Pump1,0
P4_Pump1_NaHSO3,0
P4_Pump2,0
P4_Pump2_NaHSO3,0
P4_Pump3_NaHSO3,0
P4_Pump3_aux,0
P4_Pump4_NaHSO3,0
P4_Pump4_aux,0
P4_Tank1,0
P4_UV,0
P5_Cartridge_filter,0
P5_Pipe0,0
P5_Pipe1,0
P5_Pipe2,0
P5_Pipe3,0
P5_Pipe4,0
P5_Pipe5,0
P5_Pipe6,0
P5_Pumpboost1,0
P5_Pumpboost2,0
P5_Pumpboost3_aux,0
P5_Pumpboost4_aux,0
P5_RO_Unit,0
P6_Pipe3,0
P6_Pump_backwash,0
P6_Pump_backwash_aux,0
P6_Tank_backwash,0
P6_Tank_permeate,0